/*
 Navicat Premium Data Transfer

 Source Server         : TestMySQLServer
 Source Server Type    : MySQL
 Source Server Version : 80026
 Source Host           : localhost:3306
 Source Schema         : testdb

 Target Server Type    : MySQL
 Target Server Version : 80026
 File Encoding         : 65001

 Date: 25/08/2021 20:46:11
*/

SET NAMES utf8mb4;
SET FOREIGN_KEY_CHECKS = 0;

-- ----------------------------
-- Table structure for dishdata
-- ----------------------------
DROP TABLE IF EXISTS `dishdata`;
CREATE TABLE `dishdata`  (
  `DishID` int(0) NOT NULL AUTO_INCREMENT,
  `DishName` varchar(10) CHARACTER SET utf8 COLLATE utf8_general_ci NOT NULL,
  `DishType` int(0) NULL DEFAULT NULL,
  `DishTag` varchar(100) CHARACTER SET utf8 COLLATE utf8_general_ci NULL DEFAULT NULL,
  `Thumbnail` varchar(50) CHARACTER SET utf8 COLLATE utf8_general_ci NOT NULL,
  `Details_Picture` varchar(50) CHARACTER SET utf8 COLLATE utf8_general_ci NOT NULL,
  `Description` varchar(500) CHARACTER SET utf8 COLLATE utf8_general_ci NOT NULL,
  `Price` float NOT NULL,
  `Sold` int(0) NOT NULL,
  `Shared` int(0) NOT NULL,
  `Score` float NOT NULL,
  `SourceRestaurant` int(0) NULL DEFAULT NULL,
  PRIMARY KEY (`DishID`) USING BTREE,
  INDEX `SourceRestaurant`(`SourceRestaurant`) USING BTREE,
  CONSTRAINT `dishdata_ibfk_1` FOREIGN KEY (`SourceRestaurant`) REFERENCES `restaurantdata` (`RestaurantID`) ON DELETE RESTRICT ON UPDATE RESTRICT
) ENGINE = InnoDB AUTO_INCREMENT = 11 CHARACTER SET = utf8 COLLATE = utf8_general_ci ROW_FORMAT = Dynamic;

-- ----------------------------
-- Records of dishdata
-- ----------------------------
INSERT INTO `dishdata` VALUES (1, '煮苹果', 1, '0', 'DefaultPath', 'pic', 'des', 26, 3017, 0, 0.00848026, 1);
INSERT INTO `dishdata` VALUES (2, '煮葡萄', 1, '1', 'DefaultPath', 'pic', 'des', 14, 2852, 0, 0.590584, 1);
INSERT INTO `dishdata` VALUES (3, '煮西瓜', 1, '2', 'DefaultPath', 'pic', 'des', 37, 3149, 0, 0.962201, 1);
INSERT INTO `dishdata` VALUES (4, '煮梨', 1, '3', 'DefaultPath', 'pic', 'des', 82, 3031, 0, 0.460853, 1);
INSERT INTO `dishdata` VALUES (5, '炒桃', 1, '4', 'DefaultPath', 'pic', 'des', 100, 2917, 0, 0.622963, 1);
INSERT INTO `dishdata` VALUES (6, '炒苹果', 1, '0', 'DefaultPath', 'pic', 'des', 14, 2919, 0, 0.377969, 1);
INSERT INTO `dishdata` VALUES (7, '炒葡萄', 1, '1', 'DefaultPath', 'pic', 'des', 54, 3128, 0, 0.0990254, 1);
INSERT INTO `dishdata` VALUES (8, '炒西瓜', 1, '2', 'DefaultPath', 'pic', 'des', 83, 2967, 0, 0.674153, 1);
INSERT INTO `dishdata` VALUES (9, '炸梨', 1, '3', 'DefaultPath', 'pic', 'des', 65, 3255, 0, 0.591409, 1);
INSERT INTO `dishdata` VALUES (10, '炸桃', 1, '4', 'DefaultPath', 'pic', 'des', 73, 3128, 0, 0.104424, 1);

-- ----------------------------
-- Table structure for orderdata
-- ----------------------------
DROP TABLE IF EXISTS `orderdata`;
CREATE TABLE `orderdata`  (
  `OrderID` int(0) NOT NULL AUTO_INCREMENT,
  `OrderTime` datetime(0) NOT NULL,
  `UserID` int(0) NOT NULL,
  `Remark` varchar(100) CHARACTER SET utf8 COLLATE utf8_general_ci NOT NULL,
  `OrderAddress` varchar(50) CHARACTER SET utf8 COLLATE utf8_general_ci NOT NULL,
  `Dishes` varchar(500) CHARACTER SET utf8 COLLATE utf8_general_ci NULL DEFAULT NULL,
  `OrderStatus` enum('待付款','待发货','待收货','待评价','已完成','已取消') CHARACTER SET utf8 COLLATE utf8_general_ci NOT NULL,
  `Price` float NOT NULL,
  `Carriage` float NOT NULL,
  `SourceRestaurant` int(0) NULL DEFAULT NULL,
  `SourceUser` int(0) NULL DEFAULT NULL,
  PRIMARY KEY (`OrderID`) USING BTREE,
  INDEX `SourceRestaurant`(`SourceRestaurant`) USING BTREE,
  INDEX `SourceUser`(`SourceUser`) USING BTREE,
  CONSTRAINT `orderdata_ibfk_1` FOREIGN KEY (`SourceRestaurant`) REFERENCES `restaurantdata` (`RestaurantID`) ON DELETE RESTRICT ON UPDATE RESTRICT,
  CONSTRAINT `orderdata_ibfk_2` FOREIGN KEY (`SourceUser`) REFERENCES `userdata_all` (`UserID`) ON DELETE RESTRICT ON UPDATE RESTRICT
) ENGINE = InnoDB AUTO_INCREMENT = 146 CHARACTER SET = utf8 COLLATE = utf8_general_ci ROW_FORMAT = Dynamic;

-- ----------------------------
-- Records of orderdata
-- ----------------------------
INSERT INTO `orderdata` VALUES (1, '2021-06-16 04:33:01', 38, '', 'Home', '8|1/6|10/', '待发货', 69, 12, 1, 38);
INSERT INTO `orderdata` VALUES (2, '2021-06-16 05:18:43', 42, '', 'Home', '3|6/', '待付款', 45, 13, 1, 42);
INSERT INTO `orderdata` VALUES (3, '2021-06-16 07:42:48', 71, '', 'Home', '9|8/9|4/2|1/2|3/3|3/', '待收货', 68, 17, 1, 71);
INSERT INTO `orderdata` VALUES (4, '2021-06-16 09:41:04', 65, '', 'Home', '6|6/6|2/5|4/10|8/3|10/9|2/', '待评价', 96, 10, 1, 65);
INSERT INTO `orderdata` VALUES (5, '2021-06-16 12:52:18', 17, '', 'Home', '2|10/10|7/2|10/9|4/10|2/', '已完成', 38, 8, 1, 17);
INSERT INTO `orderdata` VALUES (6, '2021-06-16 14:37:07', 15, '', 'Home', '5|2/1|5/1|10/', '待付款', 88, 0, 1, 15);
INSERT INTO `orderdata` VALUES (7, '2021-06-16 17:52:43', 31, '', 'Home', '7|3/', '待发货', 44, 3, 1, 31);
INSERT INTO `orderdata` VALUES (8, '2021-06-16 19:57:04', 96, '', 'Home', '7|7/9|5/9|5/8|6/2|4/6|1/1|1/5|10/6|8/', '待付款', 40, 12, 1, 96);
INSERT INTO `orderdata` VALUES (9, '2021-06-16 22:13:34', 77, '', 'Home', '2|5/4|10/9|8/', '待发货', 60, 11, 1, 77);
INSERT INTO `orderdata` VALUES (10, '2021-06-16 01:54:37', 26, '', 'Home', '6|2/5|2/8|2/10|6/4|7/5|1/6|3/', '待收货', 59, 10, 1, 26);
INSERT INTO `orderdata` VALUES (11, '2021-06-17 03:35:55', 43, '', 'Home', '9|10/10|10/2|4/4|1/4|7/2|5/9|2/2|1/1|5/', '待发货', 51, 11, 1, 43);
INSERT INTO `orderdata` VALUES (12, '2021-06-17 05:30:57', 65, '', 'Home', '2|9/3|3/3|3/6|5/2|9/', '待发货', 32, 19, 1, 65);
INSERT INTO `orderdata` VALUES (13, '2021-06-17 07:13:53', 70, '', 'Home', '6|10/9|4/3|5/7|9/3|1/4|5/2|8/7|9/5|9/8|9/', '待收货', 38, 14, 1, 70);
INSERT INTO `orderdata` VALUES (14, '2021-06-17 09:55:08', 34, '', 'Home', '1|7/10|1/1|6/', '待发货', 41, 18, 1, 34);
INSERT INTO `orderdata` VALUES (15, '2021-06-17 13:16:32', 36, '', 'Home', '10|7/3|10/2|4/8|1/', '已取消', 53, 5, 1, 36);
INSERT INTO `orderdata` VALUES (16, '2021-06-17 16:30:10', 88, '', 'Home', '4|6/8|8/4|7/6|9/10|5/4|1/2|9/', '已完成', 76, 20, 1, 88);
INSERT INTO `orderdata` VALUES (17, '2021-06-17 17:10:27', 40, '', 'Home', '5|9/6|3/8|10/2|2/10|9/10|7/', '待发货', 46, 5, 1, 40);
INSERT INTO `orderdata` VALUES (18, '2021-06-17 20:09:58', 93, '', 'Home', '8|7/6|7/9|3/9|1/9|2/5|2/5|2/3|10/2|8/4|7/', '待收货', 92, 13, 1, 93);
INSERT INTO `orderdata` VALUES (19, '2021-06-17 22:38:34', 17, '', 'Home', '8|4/', '待评价', 76, 3, 1, 17);
INSERT INTO `orderdata` VALUES (20, '2021-06-17 02:00:13', 85, '', 'Home', '5|4/7|9/1|4/9|8/10|1/1|10/', '待发货', 35, 7, 1, 85);
INSERT INTO `orderdata` VALUES (21, '2021-06-18 04:23:28', 19, '', 'Home', '4|5/5|10/', '待发货', 56, 8, 1, 19);
INSERT INTO `orderdata` VALUES (22, '2021-06-18 06:44:57', 46, '', 'Home', '7|2/4|10/7|4/', '待付款', 89, 9, 1, 46);
INSERT INTO `orderdata` VALUES (23, '2021-06-18 08:00:46', 73, '', 'Home', '9|5/3|2/9|6/10|5/7|9/6|9/6|1/2|8/8|6/5|9/', '已取消', 35, 12, 1, 73);
INSERT INTO `orderdata` VALUES (24, '2021-06-18 10:27:00', 64, '', 'Home', '7|7/4|9/1|5/10|9/4|8/10|9/7|5/3|8/10|9/', '已取消', 93, 6, 1, 64);
INSERT INTO `orderdata` VALUES (25, '2021-06-18 12:02:46', 75, '', 'Home', '7|6/10|10/2|8/4|5/', '已取消', 69, 20, 1, 75);
INSERT INTO `orderdata` VALUES (26, '2021-06-18 15:07:29', 82, '', 'Home', '5|3/2|10/1|6/5|7/', '待收货', 39, 17, 1, 82);
INSERT INTO `orderdata` VALUES (27, '2021-06-18 16:58:04', 22, '', 'Home', '9|1/5|9/2|10/', '已取消', 82, 13, 1, 22);
INSERT INTO `orderdata` VALUES (28, '2021-06-18 20:19:35', 3, '', 'Home', '9|3/2|7/5|10/5|4/9|4/4|6/5|2/2|9/', '已取消', 76, 11, 1, 3);
INSERT INTO `orderdata` VALUES (29, '2021-06-18 23:19:16', 22, '', 'Home', '9|5/6|10/4|7/9|7/3|8/5|10/', '已完成', 26, 10, 1, 22);
INSERT INTO `orderdata` VALUES (30, '2021-06-18 00:51:48', 85, '', 'Home', '10|7/6|7/4|5/4|2/3|10/8|10/3|10/5|8/9|3/3|3/', '待评价', 51, 14, 1, 85);
INSERT INTO `orderdata` VALUES (31, '2021-06-19 03:35:33', 15, '', 'Home', '5|2/2|4/7|6/8|2/3|1/1|10/1|4/', '已取消', 50, 1, 1, 15);
INSERT INTO `orderdata` VALUES (32, '2021-06-19 06:36:14', 57, '', 'Home', '5|2/10|3/2|4/7|4/8|8/', '待发货', 98, 12, 1, 57);
INSERT INTO `orderdata` VALUES (33, '2021-06-19 07:59:37', 60, '', 'Home', '10|7/4|8/', '待付款', 56, 8, 1, 60);
INSERT INTO `orderdata` VALUES (34, '2021-06-19 09:47:41', 11, '', 'Home', '1|1/8|6/7|10/5|4/7|3/3|1/1|7/3|9/1|10/7|5/', '待收货', 47, 4, 1, 11);
INSERT INTO `orderdata` VALUES (35, '2021-06-19 13:52:27', 5, '', 'Home', '1|9/3|1/', '待付款', 21, 8, 1, 5);
INSERT INTO `orderdata` VALUES (36, '2021-06-19 15:02:16', 4, '', 'Home', '3|5/4|8/7|6/', '已取消', 44, 20, 1, 4);
INSERT INTO `orderdata` VALUES (37, '2021-06-19 17:13:06', 32, '', 'Home', '10|10/3|6/7|10/9|9/1|6/9|7/9|4/9|7/2|5/10|2/', '待发货', 51, 8, 1, 32);
INSERT INTO `orderdata` VALUES (38, '2021-06-19 19:17:34', 27, '', 'Home', '1|1/2|9/8|9/6|2/', '待付款', 27, 10, 1, 27);
INSERT INTO `orderdata` VALUES (39, '2021-06-19 23:30:51', 86, '', 'Home', '7|8/1|9/5|2/5|6/2|5/1|7/1|5/6|3/', '待付款', 76, 8, 1, 86);
INSERT INTO `orderdata` VALUES (40, '2021-06-19 01:09:08', 13, '', 'Home', '4|9/9|4/6|6/9|7/', '已取消', 58, 18, 1, 13);
INSERT INTO `orderdata` VALUES (41, '2021-06-20 04:11:12', 68, '', 'Home', '10|9/9|1/', '待收货', 77, 9, 1, 68);
INSERT INTO `orderdata` VALUES (42, '2021-06-20 05:30:22', 67, '', 'Home', '2|7/6|3/10|2/1|5/9|6/', '待收货', 69, 13, 1, 67);
INSERT INTO `orderdata` VALUES (43, '2021-06-20 07:57:46', 96, '', 'Home', '9|1/9|2/', '待收货', 61, 4, 1, 96);
INSERT INTO `orderdata` VALUES (44, '2021-06-20 11:58:51', 74, '', 'Home', '8|5/8|8/6|7/2|10/1|3/1|9/8|10/5|4/10|6/', '已取消', 61, 11, 1, 74);
INSERT INTO `orderdata` VALUES (45, '2021-06-20 12:26:26', 52, '', 'Home', '8|10/6|9/9|3/1|3/5|4/10|3/', '已取消', 67, 3, 1, 52);
INSERT INTO `orderdata` VALUES (46, '2021-06-20 14:55:12', 7, '', 'Home', '9|5/2|4/5|2/10|9/2|2/4|3/9|7/1|10/6|8/', '已完成', 99, 9, 1, 7);
INSERT INTO `orderdata` VALUES (47, '2021-06-20 16:49:34', 31, '', 'Home', '8|6/9|4/8|2/5|7/', '待评价', 83, 6, 1, 31);
INSERT INTO `orderdata` VALUES (48, '2021-06-20 20:44:35', 63, '', 'Home', '7|10/9|10/10|7/1|6/8|1/4|5/1|9/2|5/9|6/', '待收货', 85, 17, 1, 63);
INSERT INTO `orderdata` VALUES (49, '2021-06-20 22:41:08', 53, '', 'Home', '9|7/10|10/', '已完成', 87, 9, 1, 53);
INSERT INTO `orderdata` VALUES (50, '2021-06-20 01:06:50', 76, '', 'Home', '9|3/5|1/7|10/1|6/7|7/5|1/2|2/1|7/', '待收货', 76, 8, 1, 76);
INSERT INTO `orderdata` VALUES (51, '2021-06-21 03:16:08', 99, '', 'Home', '7|8/2|8/6|3/7|3/1|3/', '已完成', 81, 8, 1, 99);
INSERT INTO `orderdata` VALUES (52, '2021-06-21 05:06:09', 53, '', 'Home', '9|5/7|5/7|6/8|4/8|7/7|2/', '待发货', 56, 2, 1, 53);
INSERT INTO `orderdata` VALUES (53, '2021-06-21 08:12:03', 14, '', 'Home', '3|8/2|7/3|1/2|7/10|1/9|4/', '已取消', 23, 17, 1, 14);
INSERT INTO `orderdata` VALUES (54, '2021-06-21 10:45:50', 95, '', 'Home', '7|2/5|5/', '已取消', 33, 5, 1, 95);
INSERT INTO `orderdata` VALUES (55, '2021-06-21 13:47:59', 28, '', 'Home', '7|2/8|5/9|8/7|2/10|8/2|3/7|10/4|3/9|5/', '已完成', 26, 13, 1, 28);
INSERT INTO `orderdata` VALUES (56, '2021-06-21 14:25:46', 64, '', 'Home', '4|10/6|8/', '已取消', 56, 3, 1, 64);
INSERT INTO `orderdata` VALUES (57, '2021-06-21 17:24:26', 91, '', 'Home', '1|9/8|5/2|4/9|5/5|4/7|3/', '已完成', 64, 4, 1, 91);
INSERT INTO `orderdata` VALUES (58, '2021-06-21 20:58:37', 77, '', 'Home', '9|10/9|3/7|5/5|8/5|5/8|4/8|6/10|8/4|6/3|10/', '已取消', 100, 5, 1, 77);
INSERT INTO `orderdata` VALUES (59, '2021-06-21 23:07:53', 69, '', 'Home', '1|9/6|9/3|4/6|10/8|8/6|2/3|3/5|4/', '已取消', 77, 2, 1, 69);
INSERT INTO `orderdata` VALUES (60, '2021-06-21 01:38:55', 73, '', 'Home', '2|4/10|4/9|10/5|7/6|1/1|5/10|4/2|4/', '待收货', 26, 8, 1, 73);
INSERT INTO `orderdata` VALUES (61, '2021-06-22 02:44:16', 77, '', 'Home', '7|1/2|6/', '待发货', 54, 11, 1, 77);
INSERT INTO `orderdata` VALUES (62, '2021-06-22 04:59:59', 6, '', 'Home', '2|2/2|5/6|4/5|9/1|6/', '待评价', 93, 0, 1, 6);
INSERT INTO `orderdata` VALUES (63, '2021-06-22 08:56:30', 93, '', 'Home', '2|6/5|1/9|6/2|6/3|10/5|7/2|10/', '已完成', 67, 19, 1, 93);
INSERT INTO `orderdata` VALUES (64, '2021-06-22 10:01:13', 69, '', 'Home', '5|4/5|9/3|1/10|9/', '待评价', 73, 3, 1, 69);
INSERT INTO `orderdata` VALUES (65, '2021-06-22 13:38:09', 70, '', 'Home', '5|9/5|9/5|8/3|7/2|6/2|9/6|9/9|9/10|1/10|5/', '待付款', 55, 14, 1, 70);
INSERT INTO `orderdata` VALUES (66, '2021-06-22 15:50:00', 19, '', 'Home', '8|6/6|5/3|3/7|8/7|2/10|3/5|5/', '已完成', 94, 20, 1, 19);
INSERT INTO `orderdata` VALUES (67, '2021-06-22 18:40:41', 83, '', 'Home', '7|9/2|8/1|7/10|7/5|6/7|7/10|8/1|2/', '已取消', 21, 15, 1, 83);
INSERT INTO `orderdata` VALUES (68, '2021-06-22 21:23:20', 6, '', 'Home', '10|3/9|9/6|9/5|10/6|8/4|10/4|2/9|6/3|2/', '待评价', 20, 1, 1, 6);
INSERT INTO `orderdata` VALUES (69, '2021-06-22 23:56:01', 33, '', 'Home', '10|7/7|7/6|5/6|8/4|10/9|3/1|6/2|9/3|9/8|6/', '待评价', 64, 3, 1, 33);
INSERT INTO `orderdata` VALUES (70, '2021-06-22 01:22:59', 50, '', 'Home', '7|4/2|4/6|6/4|8/8|6/8|4/7|8/7|9/', '待收货', 46, 3, 1, 50);
INSERT INTO `orderdata` VALUES (71, '2021-06-23 04:46:34', 20, '', 'Home', '7|7/2|1/2|3/8|7/9|5/3|3/9|2/5|1/8|7/4|9/', '待发货', 36, 12, 1, 20);
INSERT INTO `orderdata` VALUES (72, '2021-06-23 06:28:44', 21, '', 'Home', '6|4/2|9/9|3/3|7/10|1/9|4/7|4/1|9/', '已完成', 74, 6, 1, 21);
INSERT INTO `orderdata` VALUES (73, '2021-06-23 09:29:19', 10, '', 'Home', '7|8/2|10/1|7/2|9/2|8/1|9/4|1/', '待评价', 88, 0, 1, 10);
INSERT INTO `orderdata` VALUES (74, '2021-06-23 10:55:44', 93, '', 'Home', '3|10/3|9/6|9/8|9/', '待评价', 55, 13, 1, 93);
INSERT INTO `orderdata` VALUES (75, '2021-06-23 13:52:39', 26, '', 'Home', '5|6/3|5/10|5/', '待付款', 69, 5, 1, 26);
INSERT INTO `orderdata` VALUES (76, '2021-06-23 15:53:34', 44, '', 'Home', '5|5/5|6/7|5/10|8/1|3/3|5/4|4/2|10/', '待评价', 66, 17, 1, 44);
INSERT INTO `orderdata` VALUES (77, '2021-06-23 18:06:59', 74, '', 'Home', '9|8/7|4/2|2/3|1/1|7/7|7/3|10/10|3/', '待发货', 50, 17, 1, 74);
INSERT INTO `orderdata` VALUES (78, '2021-06-23 21:11:13', 18, '', 'Home', '4|7/6|3/4|5/3|6/8|9/5|2/', '已取消', 68, 16, 1, 18);
INSERT INTO `orderdata` VALUES (79, '2021-06-23 23:53:40', 3, '', 'Home', '10|10/2|10/6|8/5|10/1|1/6|3/', '待付款', 79, 4, 1, 3);
INSERT INTO `orderdata` VALUES (80, '2021-06-23 01:13:07', 56, '', 'Home', '4|4/', '已取消', 34, 16, 1, 56);
INSERT INTO `orderdata` VALUES (81, '2021-06-24 04:20:48', 50, '', 'Home', '3|10/5|1/', '已完成', 47, 3, 1, 50);
INSERT INTO `orderdata` VALUES (82, '2021-06-24 06:00:54', 85, '', 'Home', '9|10/4|5/1|3/', '待评价', 68, 17, 1, 85);
INSERT INTO `orderdata` VALUES (83, '2021-06-24 09:00:31', 99, '', 'Home', '7|5/8|2/3|3/9|1/', '待发货', 55, 14, 1, 99);
INSERT INTO `orderdata` VALUES (84, '2021-06-24 11:37:53', 94, '', 'Home', '6|4/2|2/', '待评价', 70, 1, 1, 94);
INSERT INTO `orderdata` VALUES (85, '2021-06-24 12:55:23', 23, '', 'Home', '9|4/', '待发货', 44, 16, 1, 23);
INSERT INTO `orderdata` VALUES (86, '2021-06-24 15:30:53', 47, '', 'Home', '2|6/', '已完成', 49, 1, 1, 47);
INSERT INTO `orderdata` VALUES (87, '2021-06-24 17:26:22', 19, '', 'Home', '8|1/10|9/2|10/7|2/7|9/10|5/', '待评价', 42, 12, 1, 19);
INSERT INTO `orderdata` VALUES (88, '2021-06-24 20:36:54', 71, '', 'Home', '1|7/5|10/6|3/', '待收货', 26, 19, 1, 71);
INSERT INTO `orderdata` VALUES (89, '2021-06-24 21:50:21', 78, '', 'Home', '7|7/9|1/10|10/2|1/10|9/', '待收货', 28, 0, 1, 78);
INSERT INTO `orderdata` VALUES (90, '2021-06-24 02:09:05', 97, '', 'Home', '1|6/10|2/', '已完成', 67, 15, 1, 97);
INSERT INTO `orderdata` VALUES (91, '2021-06-25 02:54:57', 43, '', 'Home', '9|1/3|6/', '已完成', 77, 11, 1, 43);
INSERT INTO `orderdata` VALUES (92, '2021-06-25 04:58:10', 76, '', 'Home', '7|6/9|7/6|6/5|10/6|1/2|4/5|7/9|5/10|10/', '待收货', 38, 2, 1, 76);
INSERT INTO `orderdata` VALUES (93, '2021-06-25 09:25:55', 11, '', 'Home', '5|9/5|4/4|2/5|8/1|9/5|4/9|2/9|6/', '已完成', 72, 10, 1, 11);
INSERT INTO `orderdata` VALUES (94, '2021-06-25 09:41:37', 5, '', 'Home', '6|1/1|6/7|3/', '已取消', 37, 17, 1, 5);
INSERT INTO `orderdata` VALUES (95, '2021-06-25 13:43:29', 68, '', 'Home', '3|4/4|2/10|3/10|9/', '待发货', 100, 3, 1, 68);
INSERT INTO `orderdata` VALUES (96, '2021-06-25 14:28:16', 47, '', 'Home', '6|10/6|4/1|1/', '已完成', 27, 15, 1, 47);
INSERT INTO `orderdata` VALUES (97, '2021-06-25 19:04:04', 2, '', 'Home', '2|9/3|1/9|4/4|8/5|4/8|9/6|6/', '待发货', 25, 12, 1, 2);
INSERT INTO `orderdata` VALUES (98, '2021-06-25 20:01:04', 24, '', 'Home', '10|5/10|7/10|8/6|1/8|1/2|10/10|7/', '已取消', 96, 18, 1, 24);
INSERT INTO `orderdata` VALUES (99, '2021-06-25 23:39:38', 25, '', 'Home', '8|10/10|9/', '已取消', 73, 16, 1, 25);
INSERT INTO `orderdata` VALUES (100, '2021-06-25 01:50:25', 99, '', 'Home', '10|8/3|5/9|5/', '已完成', 93, 18, 1, 99);
INSERT INTO `orderdata` VALUES (101, '2021-06-26 04:04:40', 34, '', 'Home', '5|1/10|1/8|8/6|4/9|8/4|8/', '待发货', 89, 10, 1, 34);
INSERT INTO `orderdata` VALUES (102, '2021-06-26 07:06:38', 56, '', 'Home', '2|6/1|5/9|1/5|7/1|6/6|5/10|1/4|2/6|2/2|3/', '待收货', 69, 9, 1, 56);
INSERT INTO `orderdata` VALUES (103, '2021-06-26 08:42:15', 4, '', 'Home', '9|10/6|5/5|7/7|9/8|2/4|7/4|10/1|10/', '已取消', 49, 7, 1, 4);
INSERT INTO `orderdata` VALUES (104, '2021-06-26 11:41:32', 49, '', 'Home', '10|3/5|6/1|5/8|8/3|3/1|6/7|9/', '待评价', 70, 10, 1, 49);
INSERT INTO `orderdata` VALUES (105, '2021-06-26 13:25:32', 78, '', 'Home', '10|5/9|5/7|1/5|2/8|2/9|4/10|5/7|6/4|1/', '已完成', 60, 3, 1, 78);
INSERT INTO `orderdata` VALUES (106, '2021-06-26 15:11:01', 17, '', 'Home', '1|2/4|1/1|7/1|2/1|1/1|9/', '已完成', 40, 10, 1, 17);
INSERT INTO `orderdata` VALUES (107, '2021-06-26 18:28:02', 72, '', 'Home', '8|4/5|5/10|9/9|5/4|3/4|7/1|4/', '待收货', 21, 17, 1, 72);
INSERT INTO `orderdata` VALUES (108, '2021-06-26 20:59:22', 53, '', 'Home', '1|10/3|9/2|3/4|4/3|5/2|1/6|3/2|8/3|4/', '待付款', 61, 1, 1, 53);
INSERT INTO `orderdata` VALUES (109, '2021-06-26 23:23:07', 12, '', 'Home', '4|4/3|2/1|4/', '待付款', 95, 1, 1, 12);
INSERT INTO `orderdata` VALUES (110, '2021-06-26 00:12:59', 37, '', 'Home', '9|7/4|1/5|4/6|6/6|8/10|7/', '待发货', 48, 12, 1, 37);
INSERT INTO `orderdata` VALUES (111, '2021-06-27 03:37:23', 44, '', 'Home', '10|2/4|2/7|5/9|5/6|6/7|8/6|6/6|7/', '待发货', 82, 15, 1, 44);
INSERT INTO `orderdata` VALUES (112, '2021-06-27 05:39:20', 22, '', 'Home', '10|3/9|3/3|8/3|3/3|2/10|5/', '待发货', 58, 7, 1, 22);
INSERT INTO `orderdata` VALUES (113, '2021-06-27 07:17:02', 61, '', 'Home', '2|7/3|9/6|8/2|3/6|2/3|8/', '已取消', 55, 17, 1, 61);
INSERT INTO `orderdata` VALUES (114, '2021-06-27 11:43:45', 84, '', 'Home', '6|9/6|9/6|6/2|3/7|1/', '待发货', 44, 8, 1, 84);
INSERT INTO `orderdata` VALUES (115, '2021-06-27 12:32:32', 32, '', 'Home', '6|10/7|4/6|1/4|5/10|1/4|2/', '待收货', 27, 4, 1, 32);
INSERT INTO `orderdata` VALUES (116, '2021-06-27 16:28:12', 21, '', 'Home', '2|5/10|9/9|9/10|9/7|8/10|9/8|3/', '待评价', 38, 16, 1, 21);
INSERT INTO `orderdata` VALUES (117, '2021-06-27 17:00:41', 36, '', 'Home', '4|3/3|4/1|3/8|6/3|1/6|2/10|4/', '已取消', 29, 6, 1, 36);
INSERT INTO `orderdata` VALUES (118, '2021-06-27 20:32:08', 78, '', 'Home', '3|10/1|4/6|8/9|1/1|6/', '待评价', 45, 15, 1, 78);
INSERT INTO `orderdata` VALUES (119, '2021-06-27 21:45:42', 66, '', 'Home', '10|5/10|6/10|2/8|6/7|2/', '已取消', 28, 8, 1, 66);
INSERT INTO `orderdata` VALUES (120, '2021-06-27 00:31:22', 3, '', 'Home', '6|4/6|5/5|5/8|7/1|5/3|5/1|2/7|7/', '已取消', 61, 19, 1, 3);
INSERT INTO `orderdata` VALUES (121, '2021-06-28 04:01:20', 64, '', 'Home', '5|10/', '待发货', 92, 8, 1, 64);
INSERT INTO `orderdata` VALUES (122, '2021-06-28 04:53:40', 13, '', 'Home', '6|9/10|4/7|8/3|8/', '待发货', 65, 7, 1, 13);
INSERT INTO `orderdata` VALUES (123, '2021-06-28 08:36:03', 95, '', 'Home', '1|9/9|8/10|8/6|9/3|10/8|7/1|7/9|9/8|3/', '已取消', 30, 18, 1, 95);
INSERT INTO `orderdata` VALUES (124, '2021-06-28 09:59:28', 46, '', 'Home', '4|9/5|2/8|6/', '待付款', 67, 6, 1, 46);
INSERT INTO `orderdata` VALUES (125, '2021-06-28 12:23:13', 73, '', 'Home', '3|10/8|8/1|10/4|10/1|8/', '待评价', 66, 20, 1, 73);
INSERT INTO `orderdata` VALUES (126, '2021-06-28 16:05:29', 16, '', 'Home', '5|3/3|6/3|3/10|9/5|4/', '待评价', 79, 17, 1, 16);
INSERT INTO `orderdata` VALUES (127, '2021-06-28 17:42:41', 71, '', 'Home', '3|9/10|9/5|10/4|5/3|1/6|2/', '已完成', 85, 13, 1, 71);
INSERT INTO `orderdata` VALUES (128, '2021-06-28 20:55:06', 80, '', 'Home', '8|9/8|6/4|1/', '已完成', 42, 2, 1, 80);
INSERT INTO `orderdata` VALUES (129, '2021-06-28 23:00:37', 18, '', 'Home', '7|3/8|8/9|10/', '待评价', 69, 1, 1, 18);
INSERT INTO `orderdata` VALUES (130, '2021-06-28 01:03:56', 50, '', 'Home', '6|3/10|5/3|1/9|1/2|9/4|8/', '已取消', 82, 10, 1, 50);
INSERT INTO `orderdata` VALUES (131, '2021-06-29 02:56:51', 50, '', 'Home', '8|5/7|8/6|9/2|3/7|9/7|10/8|9/3|6/3|6/3|10/', '待发货', 33, 6, 1, 50);
INSERT INTO `orderdata` VALUES (132, '2021-06-29 06:20:24', 84, '', 'Home', '2|2/7|1/8|3/6|9/6|5/7|1/7|8/8|5/', '待收货', 78, 9, 1, 84);
INSERT INTO `orderdata` VALUES (133, '2021-06-29 07:58:44', 23, '', 'Home', '8|3/8|3/8|2/9|2/9|6/6|8/9|6/10|6/9|10/', '待评价', 57, 14, 1, 23);
INSERT INTO `orderdata` VALUES (134, '2021-06-29 11:42:55', 28, '', 'Home', '4|9/4|10/4|1/6|10/1|6/7|1/6|6/6|10/', '待评价', 88, 19, 1, 28);
INSERT INTO `orderdata` VALUES (135, '2021-06-29 12:29:55', 37, '', 'Home', '6|7/7|3/1|7/6|10/10|4/4|2/10|6/', '待收货', 46, 12, 1, 37);
INSERT INTO `orderdata` VALUES (136, '2021-06-29 16:42:09', 56, '', 'Home', '6|2/7|3/2|9/3|6/3|7/7|6/9|9/5|4/4|3/3|9/', '待付款', 32, 5, 1, 56);
INSERT INTO `orderdata` VALUES (137, '2021-06-29 18:42:44', 75, '', 'Home', '3|7/3|6/', '已取消', 76, 19, 1, 75);
INSERT INTO `orderdata` VALUES (138, '2021-06-29 20:54:17', 77, '', 'Home', '1|6/3|4/4|8/10|8/1|2/3|9/8|10/3|4/', '已取消', 60, 11, 1, 77);
INSERT INTO `orderdata` VALUES (139, '2021-06-29 21:42:52', 9, '', 'Home', '8|1/9|8/4|4/4|1/', '已完成', 64, 9, 1, 9);
INSERT INTO `orderdata` VALUES (140, '2021-06-29 00:28:09', 10, '', 'Home', '2|7/6|2/8|10/9|8/5|3/7|6/6|7/7|7/6|9/', '待发货', 44, 6, 1, 10);
INSERT INTO `orderdata` VALUES (141, '2021-06-30 04:27:44', 3, '', 'Home', '7|8/10|8/10|2/1|3/9|1/1|7/5|7/', '已取消', 50, 4, 1, 3);
INSERT INTO `orderdata` VALUES (142, '2021-06-30 06:49:15', 54, '', 'Home', '10|1/9|8/3|9/6|10/1|6/', '已取消', 67, 3, 1, 54);
INSERT INTO `orderdata` VALUES (143, '2021-06-30 07:25:34', 56, '', 'Home', '1|6/3|3/5|1/8|1/8|2/10|7/2|8/9|10/', '已取消', 35, 16, 1, 56);
INSERT INTO `orderdata` VALUES (144, '2021-06-30 11:47:33', 83, '', 'Home', '9|7/', '待评价', 70, 7, 1, 83);
INSERT INTO `orderdata` VALUES (145, '2021-06-30 14:07:12', 94, '', 'Home', '8|2/2|4/10|10/6|2/2|6/', '待付款', 81, 3, 1, 94);
INSERT INTO `orderdata` VALUES (146, '2021-06-30 15:02:55', 12, '', 'Home', '9|7/4|2/5|8/10|1/10|7/9|5/7|1/10|1/5|10/8|8/', '待收货', 95, 7, 1, 12);
INSERT INTO `orderdata` VALUES (147, '2021-06-30 17:53:37', 57, '', 'Home', '1|5/9|3/', '已完成', 81, 14, 1, 57);
INSERT INTO `orderdata` VALUES (148, '2021-06-30 20:20:40', 42, '', 'Home', '7|7/9|10/', '待发货', 43, 12, 1, 42);
INSERT INTO `orderdata` VALUES (149, '2021-06-30 22:29:45', 3, '', 'Home', '3|8/2|6/5|5/9|5/3|2/9|3/8|1/8|8/10|6/', '待付款', 59, 17, 1, 3);
INSERT INTO `orderdata` VALUES (150, '2021-06-30 01:27:40', 26, '', 'Home', '10|2/8|5/1|5/9|1/10|7/2|2/', '已取消', 88, 10, 1, 26);
INSERT INTO `orderdata` VALUES (151, '2021-07-01 02:45:55', 58, '', 'Home', '10|8/9|6/10|1/4|3/1|10/2|1/2|9/9|5/4|3/', '待发货', 93, 17, 1, 58);
INSERT INTO `orderdata` VALUES (152, '2021-07-01 04:56:01', 65, '', 'Home', '10|7/5|10/3|5/10|4/2|10/', '待评价', 31, 8, 1, 65);
INSERT INTO `orderdata` VALUES (153, '2021-07-01 09:33:48', 37, '', 'Home', '7|7/2|3/4|1/', '待评价', 98, 20, 1, 37);
INSERT INTO `orderdata` VALUES (154, '2021-07-01 10:07:09', 46, '', 'Home', '9|3/3|4/4|1/6|2/8|6/', '已取消', 73, 6, 1, 46);
INSERT INTO `orderdata` VALUES (155, '2021-07-01 12:14:18', 49, '', 'Home', '8|10/1|8/5|5/5|4/3|7/1|7/8|9/1|3/4|8/', '已取消', 86, 20, 1, 49);
INSERT INTO `orderdata` VALUES (156, '2021-07-01 15:43:26', 56, '', 'Home', '9|6/2|4/4|8/10|2/3|8/6|10/10|7/', '待付款', 99, 12, 1, 56);
INSERT INTO `orderdata` VALUES (157, '2021-07-01 17:34:09', 52, '', 'Home', '7|3/1|5/7|10/7|2/4|10/5|8/10|7/5|9/', '已完成', 100, 3, 1, 52);
INSERT INTO `orderdata` VALUES (158, '2021-07-01 20:06:03', 34, '', 'Home', '9|2/6|8/5|2/5|3/2|7/7|1/8|10/3|9/7|8/4|9/', '待评价', 88, 0, 1, 34);
INSERT INTO `orderdata` VALUES (159, '2021-07-01 21:49:30', 11, '', 'Home', '1|8/2|5/10|1/6|1/2|2/1|10/5|6/', '已完成', 96, 9, 1, 11);
INSERT INTO `orderdata` VALUES (160, '2021-07-01 02:05:50', 42, '', 'Home', '6|9/4|6/10|4/4|4/5|5/9|6/5|10/1|8/', '待发货', 65, 8, 1, 42);
INSERT INTO `orderdata` VALUES (161, '2021-07-02 04:17:44', 31, '', 'Home', '2|5/7|4/3|3/9|10/2|6/7|4/3|1/8|4/', '待收货', 38, 12, 1, 31);
INSERT INTO `orderdata` VALUES (162, '2021-07-02 06:14:10', 93, '', 'Home', '9|8/6|2/2|2/4|2/9|8/9|8/', '待评价', 48, 0, 1, 93);
INSERT INTO `orderdata` VALUES (163, '2021-07-02 07:23:28', 70, '', 'Home', '4|1/4|5/4|9/10|5/5|5/6|5/5|1/1|1/8|1/', '已取消', 75, 6, 1, 70);
INSERT INTO `orderdata` VALUES (164, '2021-07-02 11:52:00', 15, '', 'Home', '2|4/1|4/3|10/10|1/8|1/9|4/8|3/', '待发货', 58, 17, 1, 15);
INSERT INTO `orderdata` VALUES (165, '2021-07-02 12:40:11', 9, '', 'Home', '3|6/10|2/9|9/5|4/7|1/9|5/6|5/9|7/7|9/9|9/', '待评价', 37, 14, 1, 9);
INSERT INTO `orderdata` VALUES (166, '2021-07-02 16:18:02', 51, '', 'Home', '10|4/9|1/9|1/6|3/4|6/7|1/7|10/8|9/', '待发货', 92, 2, 1, 51);
INSERT INTO `orderdata` VALUES (167, '2021-07-02 17:19:19', 53, '', 'Home', '7|9/5|10/', '已取消', 91, 1, 1, 53);
INSERT INTO `orderdata` VALUES (168, '2021-07-02 20:27:34', 39, '', 'Home', '1|10/5|4/', '待发货', 68, 17, 1, 39);
INSERT INTO `orderdata` VALUES (169, '2021-07-02 22:43:42', 12, '', 'Home', '8|3/1|7/5|1/3|2/1|10/7|8/3|4/', '待付款', 49, 18, 1, 12);
INSERT INTO `orderdata` VALUES (170, '2021-07-02 02:04:11', 29, '', 'Home', '3|6/9|8/8|9/6|7/10|4/8|5/7|6/7|10/4|7/', '已取消', 71, 19, 1, 29);
INSERT INTO `orderdata` VALUES (171, '2021-07-03 03:37:56', 81, '', 'Home', '2|1/7|10/8|1/8|2/4|8/', '待收货', 96, 11, 1, 81);
INSERT INTO `orderdata` VALUES (172, '2021-07-03 05:06:10', 36, '', 'Home', '9|10/', '待评价', 24, 10, 1, 36);
INSERT INTO `orderdata` VALUES (173, '2021-07-03 07:53:01', 92, '', 'Home', '4|8/7|1/9|5/', '已完成', 59, 3, 1, 92);
INSERT INTO `orderdata` VALUES (174, '2021-07-03 10:41:25', 42, '', 'Home', '3|4/5|2/', '已取消', 30, 5, 1, 42);
INSERT INTO `orderdata` VALUES (175, '2021-07-03 12:02:02', 87, '', 'Home', '2|10/8|10/2|1/', '待收货', 77, 1, 1, 87);
INSERT INTO `orderdata` VALUES (176, '2021-07-03 16:29:15', 23, '', 'Home', '8|10/6|1/', '待发货', 59, 14, 1, 23);
INSERT INTO `orderdata` VALUES (177, '2021-07-03 17:19:59', 95, '', 'Home', '1|8/9|4/7|3/3|4/2|7/1|3/6|1/8|9/10|9/3|1/', '待收货', 64, 13, 1, 95);
INSERT INTO `orderdata` VALUES (178, '2021-07-03 19:35:27', 57, '', 'Home', '1|10/7|7/7|9/7|5/8|6/10|1/2|8/', '待发货', 86, 13, 1, 57);
INSERT INTO `orderdata` VALUES (179, '2021-07-03 23:23:18', 66, '', 'Home', '9|10/3|5/', '待收货', 89, 13, 1, 66);
INSERT INTO `orderdata` VALUES (180, '2021-07-03 01:18:56', 51, '', 'Home', '7|5/4|6/', '已取消', 78, 17, 1, 51);
INSERT INTO `orderdata` VALUES (181, '2021-07-04 02:55:07', 29, '', 'Home', '1|2/5|7/3|5/10|5/8|1/3|8/', '待评价', 87, 3, 1, 29);
INSERT INTO `orderdata` VALUES (182, '2021-07-04 05:44:05', 23, '', 'Home', '2|8/9|8/1|1/5|1/9|8/4|6/10|8/2|6/6|7/', '待发货', 27, 20, 1, 23);
INSERT INTO `orderdata` VALUES (183, '2021-07-04 07:21:37', 72, '', 'Home', '7|7/7|10/5|3/3|1/6|6/', '待收货', 76, 12, 1, 72);
INSERT INTO `orderdata` VALUES (184, '2021-07-04 11:17:02', 23, '', 'Home', '2|9/4|8/4|6/10|9/3|4/5|3/3|7/7|8/', '已完成', 93, 11, 1, 23);
INSERT INTO `orderdata` VALUES (185, '2021-07-04 14:13:57', 4, '', 'Home', '4|3/4|7/8|9/10|5/7|10/', '待收货', 29, 10, 1, 4);
INSERT INTO `orderdata` VALUES (186, '2021-07-04 16:10:11', 76, '', 'Home', '1|3/', '待付款', 30, 17, 1, 76);
INSERT INTO `orderdata` VALUES (187, '2021-07-04 18:29:40', 9, '', 'Home', '3|5/4|8/7|9/9|5/5|9/7|2/7|8/4|2/6|3/10|1/', '待付款', 21, 20, 1, 9);
INSERT INTO `orderdata` VALUES (188, '2021-07-04 21:01:22', 45, '', 'Home', '10|8/6|10/1|9/6|7/1|10/8|2/7|7/2|10/1|1/9|10/', '待发货', 57, 13, 1, 45);
INSERT INTO `orderdata` VALUES (189, '2021-07-04 22:32:59', 95, '', 'Home', '3|5/9|10/7|3/10|8/5|10/10|5/1|7/9|10/7|3/6|3/', '已完成', 71, 14, 1, 95);
INSERT INTO `orderdata` VALUES (190, '2021-07-04 02:16:29', 65, '', 'Home', '10|10/10|7/5|7/8|1/5|3/5|7/5|2/5|1/2|2/', '待发货', 36, 14, 1, 65);
INSERT INTO `orderdata` VALUES (191, '2021-07-05 03:53:14', 6, '', 'Home', '2|2/2|1/10|2/1|5/7|3/6|2/1|7/', '待发货', 50, 19, 1, 6);
INSERT INTO `orderdata` VALUES (192, '2021-07-05 05:34:54', 74, '', 'Home', '3|6/10|7/9|10/', '待付款', 88, 5, 1, 74);
INSERT INTO `orderdata` VALUES (193, '2021-07-05 08:24:47', 97, '', 'Home', '1|10/5|2/8|2/1|1/5|9/5|10/10|5/8|7/2|4/5|3/', '待付款', 100, 16, 1, 97);
INSERT INTO `orderdata` VALUES (194, '2021-07-05 11:25:13', 91, '', 'Home', '2|7/3|5/2|6/', '待收货', 66, 8, 1, 91);
INSERT INTO `orderdata` VALUES (195, '2021-07-05 12:51:08', 19, '', 'Home', '4|10/1|4/', '待评价', 99, 15, 1, 19);
INSERT INTO `orderdata` VALUES (196, '2021-07-05 14:31:18', 55, '', 'Home', '8|2/', '已取消', 63, 8, 1, 55);
INSERT INTO `orderdata` VALUES (197, '2021-07-05 17:02:06', 41, '', 'Home', '4|4/4|7/6|5/1|8/9|3/7|8/2|9/', '待评价', 85, 8, 1, 41);
INSERT INTO `orderdata` VALUES (198, '2021-07-05 20:01:58', 19, '', 'Home', '8|9/4|3/4|5/6|6/6|5/10|3/1|4/5|8/10|9/', '待发货', 71, 0, 1, 19);
INSERT INTO `orderdata` VALUES (199, '2021-07-05 23:52:48', 34, '', 'Home', '2|7/6|6/4|2/1|7/6|10/6|7/6|10/', '已完成', 45, 8, 1, 34);
INSERT INTO `orderdata` VALUES (200, '2021-07-05 01:16:03', 99, '', 'Home', '10|2/7|4/10|8/6|5/1|2/', '待发货', 55, 19, 1, 99);
INSERT INTO `orderdata` VALUES (201, '2021-07-06 02:38:58', 97, '', 'Home', '9|8/5|7/7|10/1|2/7|3/10|4/8|7/', '已取消', 99, 15, 1, 97);
INSERT INTO `orderdata` VALUES (202, '2021-07-06 05:24:41', 92, '', 'Home', '4|5/9|1/5|5/', '已完成', 41, 4, 1, 92);
INSERT INTO `orderdata` VALUES (203, '2021-07-06 09:07:21', 61, '', 'Home', '7|6/9|6/4|5/1|5/9|10/5|8/5|5/3|5/', '待发货', 58, 8, 1, 61);
INSERT INTO `orderdata` VALUES (204, '2021-07-06 11:55:20', 50, '', 'Home', '8|3/7|1/2|10/', '待付款', 53, 6, 1, 50);
INSERT INTO `orderdata` VALUES (205, '2021-07-06 14:15:15', 96, '', 'Home', '1|7/2|10/6|3/1|6/4|10/6|9/', '已完成', 86, 13, 1, 96);
INSERT INTO `orderdata` VALUES (206, '2021-07-06 14:29:24', 5, '', 'Home', '1|8/1|3/5|10/4|7/5|3/', '已完成', 30, 1, 1, 5);
INSERT INTO `orderdata` VALUES (207, '2021-07-06 17:36:40', 49, '', 'Home', '7|1/4|6/7|10/10|8/10|4/10|9/', '待评价', 34, 2, 1, 49);
INSERT INTO `orderdata` VALUES (208, '2021-07-06 21:00:44', 100, '', 'Home', '9|8/2|7/7|4/5|1/5|1/5|2/3|10/', '待评价', 42, 8, 1, 100);
INSERT INTO `orderdata` VALUES (209, '2021-07-06 22:18:46', 13, '', 'Home', '1|8/3|5/9|4/3|1/7|9/1|10/', '待评价', 59, 16, 1, 13);
INSERT INTO `orderdata` VALUES (210, '2021-07-06 01:36:33', 13, '', 'Home', '3|10/4|2/3|10/7|9/10|1/4|7/', '待评价', 63, 0, 1, 13);
INSERT INTO `orderdata` VALUES (211, '2021-07-07 04:22:15', 99, '', 'Home', '1|7/7|4/3|4/2|10/8|9/9|6/5|4/9|10/', '已取消', 98, 8, 1, 99);
INSERT INTO `orderdata` VALUES (212, '2021-07-07 05:12:20', 80, '', 'Home', '3|5/6|10/5|9/4|4/9|1/2|4/', '待发货', 57, 8, 1, 80);
INSERT INTO `orderdata` VALUES (213, '2021-07-07 09:07:16', 84, '', 'Home', '10|4/7|5/5|4/5|7/1|1/3|8/7|5/6|7/6|10/4|5/', '待评价', 40, 8, 1, 84);
INSERT INTO `orderdata` VALUES (214, '2021-07-07 09:44:16', 20, '', 'Home', '6|3/', '待付款', 99, 12, 1, 20);
INSERT INTO `orderdata` VALUES (215, '2021-07-07 13:52:52', 27, '', 'Home', '5|1/5|6/1|10/', '待评价', 83, 15, 1, 27);
INSERT INTO `orderdata` VALUES (216, '2021-07-07 15:45:45', 97, '', 'Home', '10|8/4|7/7|5/2|2/3|6/', '待评价', 74, 11, 1, 97);
INSERT INTO `orderdata` VALUES (217, '2021-07-07 16:53:12', 49, '', 'Home', '7|10/4|2/4|8/7|3/3|4/10|2/6|6/9|8/3|7/8|10/', '已取消', 35, 5, 1, 49);
INSERT INTO `orderdata` VALUES (218, '2021-07-07 21:02:08', 98, '', 'Home', '2|5/9|1/1|6/5|4/1|5/3|3/2|3/10|7/', '待付款', 51, 8, 1, 98);
INSERT INTO `orderdata` VALUES (219, '2021-07-07 23:04:09', 98, '', 'Home', '10|7/4|7/9|8/3|10/2|8/4|4/2|3/4|4/', '已完成', 44, 19, 1, 98);
INSERT INTO `orderdata` VALUES (220, '2021-07-07 01:16:11', 9, '', 'Home', '6|2/', '已取消', 53, 11, 1, 9);
INSERT INTO `orderdata` VALUES (221, '2021-07-08 04:10:23', 61, '', 'Home', '9|10/9|4/3|9/10|2/', '待发货', 92, 13, 1, 61);
INSERT INTO `orderdata` VALUES (222, '2021-07-08 06:38:03', 87, '', 'Home', '7|6/10|3/', '待收货', 76, 1, 1, 87);
INSERT INTO `orderdata` VALUES (223, '2021-07-08 07:27:42', 60, '', 'Home', '8|10/6|6/3|8/4|9/8|9/5|10/4|3/10|4/', '待付款', 99, 9, 1, 60);
INSERT INTO `orderdata` VALUES (224, '2021-07-08 10:05:44', 55, '', 'Home', '4|5/8|1/', '待付款', 49, 12, 1, 55);
INSERT INTO `orderdata` VALUES (225, '2021-07-08 14:16:59', 96, '', 'Home', '10|4/7|1/8|6/7|4/2|3/9|1/', '待付款', 59, 12, 1, 96);
INSERT INTO `orderdata` VALUES (226, '2021-07-08 16:42:33', 64, '', 'Home', '6|9/7|1/10|7/', '待付款', 85, 12, 1, 64);
INSERT INTO `orderdata` VALUES (227, '2021-07-08 18:04:14', 81, '', 'Home', '4|6/1|3/8|3/8|3/3|5/9|7/2|9/2|2/7|8/6|4/', '待评价', 91, 1, 1, 81);
INSERT INTO `orderdata` VALUES (228, '2021-07-08 20:41:05', 22, '', 'Home', '4|9/6|5/8|10/10|9/4|4/5|2/10|1/', '已完成', 45, 1, 1, 22);
INSERT INTO `orderdata` VALUES (229, '2021-07-08 23:29:45', 59, '', 'Home', '2|7/3|9/', '待发货', 42, 1, 1, 59);
INSERT INTO `orderdata` VALUES (230, '2021-07-08 00:51:53', 86, '', 'Home', '8|4/7|8/2|7/6|1/5|4/', '已取消', 60, 18, 1, 86);
INSERT INTO `orderdata` VALUES (231, '2021-07-09 02:54:02', 13, '', 'Home', '7|5/3|5/4|6/', '待付款', 20, 10, 1, 13);
INSERT INTO `orderdata` VALUES (232, '2021-07-09 05:43:19', 91, '', 'Home', '10|8/6|1/5|10/9|5/2|4/1|3/7|6/5|8/', '已取消', 22, 1, 1, 91);
INSERT INTO `orderdata` VALUES (233, '2021-07-09 08:32:55', 97, '', 'Home', '4|9/10|7/10|5/1|1/3|8/3|6/2|10/', '已完成', 73, 7, 1, 97);
INSERT INTO `orderdata` VALUES (234, '2021-07-09 11:27:38', 17, '', 'Home', '3|10/6|4/3|3/10|2/', '待收货', 39, 4, 1, 17);
INSERT INTO `orderdata` VALUES (235, '2021-07-09 13:11:50', 46, '', 'Home', '3|1/2|8/7|7/5|3/7|7/6|8/6|5/8|3/5|1/5|4/', '待付款', 54, 1, 1, 46);
INSERT INTO `orderdata` VALUES (236, '2021-07-09 15:49:54', 77, '', 'Home', '1|4/3|7/10|7/', '已完成', 30, 7, 1, 77);
INSERT INTO `orderdata` VALUES (237, '2021-07-09 18:10:57', 24, '', 'Home', '3|2/6|6/2|2/9|4/4|6/9|9/8|2/', '待发货', 55, 13, 1, 24);
INSERT INTO `orderdata` VALUES (238, '2021-07-09 20:38:04', 80, '', 'Home', '6|3/8|10/2|8/7|4/2|2/5|6/7|6/10|6/7|9/', '待发货', 43, 19, 1, 80);
INSERT INTO `orderdata` VALUES (239, '2021-07-09 21:37:19', 45, '', 'Home', '8|6/2|8/', '待评价', 72, 10, 1, 45);
INSERT INTO `orderdata` VALUES (240, '2021-07-09 01:20:36', 25, '', 'Home', '9|10/1|3/10|5/1|2/5|10/2|3/', '待发货', 37, 20, 1, 25);
INSERT INTO `orderdata` VALUES (241, '2021-07-10 04:05:12', 56, '', 'Home', '3|8/6|9/5|7/2|10/7|3/9|4/7|8/2|10/6|9/9|3/', '待付款', 79, 1, 1, 56);
INSERT INTO `orderdata` VALUES (242, '2021-07-10 06:42:09', 31, '', 'Home', '9|9/7|9/7|3/4|1/4|9/9|1/3|9/', '已完成', 64, 2, 1, 31);
INSERT INTO `orderdata` VALUES (243, '2021-07-10 07:17:40', 30, '', 'Home', '6|3/2|5/7|6/10|1/9|1/', '待收货', 54, 14, 1, 30);
INSERT INTO `orderdata` VALUES (244, '2021-07-10 09:46:07', 39, '', 'Home', '5|7/8|5/2|10/1|2/', '已取消', 59, 13, 1, 39);
INSERT INTO `orderdata` VALUES (245, '2021-07-10 13:06:35', 32, '', 'Home', '2|4/6|4/5|5/', '已完成', 21, 14, 1, 32);
INSERT INTO `orderdata` VALUES (246, '2021-07-10 14:53:18', 27, '', 'Home', '7|2/1|2/5|10/', '待评价', 85, 14, 1, 27);
INSERT INTO `orderdata` VALUES (247, '2021-07-10 17:19:58', 83, '', 'Home', '7|7/', '待评价', 43, 14, 1, 83);
INSERT INTO `orderdata` VALUES (248, '2021-07-10 21:32:44', 38, '', 'Home', '8|8/6|2/10|2/4|8/7|4/7|1/', '已取消', 21, 5, 1, 38);
INSERT INTO `orderdata` VALUES (249, '2021-07-10 23:10:19', 55, '', 'Home', '9|3/2|9/3|1/10|4/9|9/', '待收货', 69, 14, 1, 55);
INSERT INTO `orderdata` VALUES (250, '2021-07-10 01:04:43', 18, '', 'Home', '8|7/10|6/7|6/4|5/4|8/10|8/5|10/7|5/5|8/2|2/', '已取消', 80, 10, 1, 18);
INSERT INTO `orderdata` VALUES (251, '2021-07-11 02:47:38', 67, '', 'Home', '9|6/4|3/3|5/4|7/1|7/7|4/3|2/', '已取消', 56, 2, 1, 67);
INSERT INTO `orderdata` VALUES (252, '2021-07-11 06:23:43', 29, '', 'Home', '10|7/5|1/5|3/2|7/5|5/7|9/', '待发货', 68, 1, 1, 29);
INSERT INTO `orderdata` VALUES (253, '2021-07-11 09:30:17', 99, '', 'Home', '9|8/7|2/1|6/6|5/1|5/8|1/6|5/9|4/', '待发货', 32, 8, 1, 99);
INSERT INTO `orderdata` VALUES (254, '2021-07-11 09:39:16', 66, '', 'Home', '9|2/1|3/3|7/6|6/8|3/', '待付款', 56, 9, 1, 66);
INSERT INTO `orderdata` VALUES (255, '2021-07-11 13:17:29', 82, '', 'Home', '10|1/', '待付款', 89, 13, 1, 82);
INSERT INTO `orderdata` VALUES (256, '2021-07-11 15:14:02', 66, '', 'Home', '2|2/10|10/1|7/2|8/', '待评价', 99, 6, 1, 66);
INSERT INTO `orderdata` VALUES (257, '2021-07-11 18:07:18', 70, '', 'Home', '4|1/3|8/8|5/7|9/2|7/', '待付款', 80, 14, 1, 70);
INSERT INTO `orderdata` VALUES (258, '2021-07-11 19:42:50', 55, '', 'Home', '6|4/2|8/6|2/10|10/6|2/4|10/6|3/3|6/', '待收货', 26, 2, 1, 55);
INSERT INTO `orderdata` VALUES (259, '2021-07-11 23:15:58', 75, '', 'Home', '8|10/8|9/8|7/6|9/9|8/3|3/1|3/5|3/3|4/', '待评价', 91, 4, 1, 75);
INSERT INTO `orderdata` VALUES (260, '2021-07-11 02:17:32', 11, '', 'Home', '9|9/7|7/10|7/', '已取消', 37, 17, 1, 11);
INSERT INTO `orderdata` VALUES (261, '2021-07-12 03:54:43', 61, '', 'Home', '8|3/4|7/1|5/10|3/8|4/3|7/', '待付款', 75, 14, 1, 61);
INSERT INTO `orderdata` VALUES (262, '2021-07-12 06:23:52', 91, '', 'Home', '3|5/10|10/8|6/3|10/2|10/7|2/2|1/', '待付款', 64, 0, 1, 91);
INSERT INTO `orderdata` VALUES (263, '2021-07-12 08:16:21', 71, '', 'Home', '1|4/7|6/5|6/4|3/7|2/6|2/', '已完成', 36, 13, 1, 71);
INSERT INTO `orderdata` VALUES (264, '2021-07-12 11:05:01', 2, '', 'Home', '3|7/10|4/4|2/3|8/9|1/6|10/5|5/3|8/1|1/5|3/', '待发货', 33, 0, 1, 2);
INSERT INTO `orderdata` VALUES (265, '2021-07-12 13:06:06', 14, '', 'Home', '5|10/8|8/4|2/3|5/1|4/3|3/4|10/', '待付款', 52, 19, 1, 14);
INSERT INTO `orderdata` VALUES (266, '2021-07-12 14:44:52', 73, '', 'Home', '3|5/2|2/5|4/7|5/9|3/', '已完成', 45, 9, 1, 73);
INSERT INTO `orderdata` VALUES (267, '2021-07-12 18:36:01', 39, '', 'Home', '2|4/8|7/', '待评价', 35, 20, 1, 39);
INSERT INTO `orderdata` VALUES (268, '2021-07-12 21:31:04', 83, '', 'Home', '5|8/8|6/3|4/8|9/4|9/9|4/3|7/4|6/8|4/1|4/', '已取消', 81, 3, 1, 83);
INSERT INTO `orderdata` VALUES (269, '2021-07-12 21:41:58', 28, '', 'Home', '6|7/8|8/8|10/10|8/', '已取消', 25, 11, 1, 28);
INSERT INTO `orderdata` VALUES (270, '2021-07-12 02:00:55', 17, '', 'Home', '2|7/4|6/', '已取消', 53, 3, 1, 17);
INSERT INTO `orderdata` VALUES (271, '2021-07-13 03:07:51', 26, '', 'Home', '4|5/5|6/4|1/4|10/', '已取消', 48, 8, 1, 26);
INSERT INTO `orderdata` VALUES (272, '2021-07-13 05:22:12', 2, '', 'Home', '3|10/7|8/8|2/4|10/6|1/', '待评价', 34, 2, 1, 2);
INSERT INTO `orderdata` VALUES (273, '2021-07-13 07:53:23', 96, '', 'Home', '7|10/6|2/1|9/8|10/', '已取消', 37, 11, 1, 96);
INSERT INTO `orderdata` VALUES (274, '2021-07-13 10:12:20', 48, '', 'Home', '2|7/5|5/1|9/8|5/1|8/6|7/8|10/9|9/4|3/9|1/', '待发货', 62, 12, 1, 48);
INSERT INTO `orderdata` VALUES (275, '2021-07-13 13:13:09', 79, '', 'Home', '7|7/10|5/10|3/2|5/4|5/10|3/8|7/1|3/', '待评价', 34, 9, 1, 79);
INSERT INTO `orderdata` VALUES (276, '2021-07-13 16:03:46', 60, '', 'Home', '8|9/1|7/', '待收货', 24, 3, 1, 60);
INSERT INTO `orderdata` VALUES (277, '2021-07-13 17:31:26', 60, '', 'Home', '9|7/7|1/5|10/1|5/5|6/9|1/3|9/1|4/6|2/', '已完成', 72, 5, 1, 60);
INSERT INTO `orderdata` VALUES (278, '2021-07-13 21:24:53', 11, '', 'Home', '8|9/2|7/', '待发货', 38, 11, 1, 11);
INSERT INTO `orderdata` VALUES (279, '2021-07-13 23:56:04', 52, '', 'Home', '6|5/', '已完成', 78, 15, 1, 52);
INSERT INTO `orderdata` VALUES (280, '2021-07-13 00:57:28', 3, '', 'Home', '4|10/10|6/8|9/3|3/3|7/1|2/6|5/5|6/6|5/', '待收货', 37, 13, 1, 3);
INSERT INTO `orderdata` VALUES (281, '2021-07-14 02:30:33', 80, '', 'Home', '3|3/8|5/5|7/10|8/', '待评价', 61, 19, 1, 80);
INSERT INTO `orderdata` VALUES (282, '2021-07-14 06:16:54', 64, '', 'Home', '8|3/8|3/4|6/2|9/10|10/6|3/7|7/5|5/', '已取消', 64, 7, 1, 64);
INSERT INTO `orderdata` VALUES (283, '2021-07-14 08:42:51', 46, '', 'Home', '5|8/7|8/1|7/5|8/9|3/6|3/4|7/2|2/6|3/', '待评价', 81, 15, 1, 46);
INSERT INTO `orderdata` VALUES (284, '2021-07-14 10:17:27', 20, '', 'Home', '3|1/4|7/6|5/', '待付款', 87, 15, 1, 20);
INSERT INTO `orderdata` VALUES (285, '2021-07-14 12:35:52', 4, '', 'Home', '6|7/', '待评价', 47, 9, 1, 4);
INSERT INTO `orderdata` VALUES (286, '2021-07-14 15:01:21', 57, '', 'Home', '5|2/6|1/5|4/10|2/10|5/', '待付款', 64, 0, 1, 57);
INSERT INTO `orderdata` VALUES (287, '2021-07-14 17:21:20', 59, '', 'Home', '9|5/6|3/8|1/2|7/8|6/1|8/', '待发货', 71, 20, 1, 59);
INSERT INTO `orderdata` VALUES (288, '2021-07-14 20:01:03', 63, '', 'Home', '5|6/4|4/10|1/10|8/5|8/8|8/6|7/7|2/', '待收货', 46, 7, 1, 63);
INSERT INTO `orderdata` VALUES (289, '2021-07-14 22:43:29', 86, '', 'Home', '9|8/6|3/4|2/5|8/', '已完成', 33, 15, 1, 86);
INSERT INTO `orderdata` VALUES (290, '2021-07-14 00:16:36', 64, '', 'Home', '5|9/', '待发货', 30, 20, 1, 64);
INSERT INTO `orderdata` VALUES (291, '2021-07-15 03:17:43', 12, '', 'Home', '7|2/7|9/4|3/1|9/10|2/2|2/6|2/10|9/', '待评价', 73, 20, 1, 12);
INSERT INTO `orderdata` VALUES (292, '2021-07-15 05:07:38', 53, '', 'Home', '5|7/8|7/10|9/', '待评价', 29, 19, 1, 53);
INSERT INTO `orderdata` VALUES (293, '2021-07-15 07:35:28', 14, '', 'Home', '5|3/5|1/2|3/1|1/6|6/', '已完成', 69, 1, 1, 14);
INSERT INTO `orderdata` VALUES (294, '2021-07-15 09:39:15', 56, '', 'Home', '10|7/2|7/', '已完成', 22, 1, 1, 56);
INSERT INTO `orderdata` VALUES (295, '2021-07-15 12:20:09', 84, '', 'Home', '6|3/5|10/3|10/10|3/', '已完成', 82, 17, 1, 84);
INSERT INTO `orderdata` VALUES (296, '2021-07-15 16:38:01', 93, '', 'Home', '1|4/8|9/8|6/8|7/9|1/7|4/7|5/', '已完成', 50, 19, 1, 93);
INSERT INTO `orderdata` VALUES (297, '2021-07-15 17:55:55', 14, '', 'Home', '4|7/5|3/', '已完成', 61, 16, 1, 14);
INSERT INTO `orderdata` VALUES (298, '2021-07-15 19:23:11', 33, '', 'Home', '2|6/7|8/6|7/9|8/8|7/9|1/1|8/6|4/2|1/', '已取消', 67, 11, 1, 33);
INSERT INTO `orderdata` VALUES (299, '2021-07-15 23:01:52', 16, '', 'Home', '3|8/2|3/5|8/6|3/4|1/5|8/9|9/', '待发货', 80, 14, 1, 16);
INSERT INTO `orderdata` VALUES (300, '2021-07-15 02:16:25', 39, '', 'Home', '3|4/4|3/5|2/', '已取消', 21, 8, 1, 39);
INSERT INTO `orderdata` VALUES (301, '2021-07-16 03:12:16', 39, '', 'Home', '8|7/2|6/10|6/4|1/9|10/3|8/10|3/5|7/', '待付款', 95, 4, 1, 39);
INSERT INTO `orderdata` VALUES (302, '2021-07-16 07:04:56', 25, '', 'Home', '4|1/1|1/8|5/4|9/2|2/10|3/', '待付款', 38, 6, 1, 25);
INSERT INTO `orderdata` VALUES (303, '2021-07-16 09:26:14', 21, '', 'Home', '8|6/1|8/10|9/6|5/10|3/9|10/9|1/4|2/', '已完成', 75, 14, 1, 21);
INSERT INTO `orderdata` VALUES (304, '2021-07-16 09:42:01', 15, '', 'Home', '3|5/7|5/2|1/1|6/9|3/1|6/', '待收货', 60, 5, 1, 15);
INSERT INTO `orderdata` VALUES (305, '2021-07-16 12:27:29', 4, '', 'Home', '8|10/8|6/10|2/4|3/6|2/6|3/', '待评价', 51, 11, 1, 4);
INSERT INTO `orderdata` VALUES (306, '2021-07-16 14:57:15', 45, '', 'Home', '10|2/', '待付款', 77, 7, 1, 45);
INSERT INTO `orderdata` VALUES (307, '2021-07-16 18:31:13', 67, '', 'Home', '2|2/10|10/6|4/9|5/5|2/', '待评价', 59, 5, 1, 67);
INSERT INTO `orderdata` VALUES (308, '2021-07-16 19:27:42', 100, '', 'Home', '2|7/2|7/3|10/4|5/5|10/9|10/8|7/', '待收货', 37, 3, 1, 100);
INSERT INTO `orderdata` VALUES (309, '2021-07-16 23:49:25', 62, '', 'Home', '4|10/6|3/5|6/4|10/', '待收货', 78, 1, 1, 62);
INSERT INTO `orderdata` VALUES (310, '2021-07-16 00:40:20', 14, '', 'Home', '4|6/8|6/10|1/1|8/3|8/8|9/4|5/5|10/', '待发货', 61, 4, 1, 14);
INSERT INTO `orderdata` VALUES (311, '2021-07-17 04:13:25', 41, '', 'Home', '2|7/4|7/3|9/9|2/7|1/7|3/7|6/', '已完成', 63, 19, 1, 41);
INSERT INTO `orderdata` VALUES (312, '2021-07-17 06:15:06', 94, '', 'Home', '9|4/4|8/8|7/6|5/9|1/9|9/5|1/7|9/7|3/', '待评价', 38, 5, 1, 94);
INSERT INTO `orderdata` VALUES (313, '2021-07-17 09:22:58', 91, '', 'Home', '7|1/8|2/10|2/', '待评价', 34, 7, 1, 91);
INSERT INTO `orderdata` VALUES (314, '2021-07-17 10:57:36', 87, '', 'Home', '6|5/4|7/3|4/7|10/1|4/', '待收货', 98, 6, 1, 87);
INSERT INTO `orderdata` VALUES (315, '2021-07-17 12:51:23', 14, '', 'Home', '7|1/9|6/9|6/6|7/4|6/7|2/4|8/', '待付款', 43, 4, 1, 14);
INSERT INTO `orderdata` VALUES (316, '2021-07-17 15:16:59', 66, '', 'Home', '7|5/2|8/8|3/5|1/', '待发货', 79, 16, 1, 66);
INSERT INTO `orderdata` VALUES (317, '2021-07-17 17:20:23', 91, '', 'Home', '6|8/9|1/3|4/', '待发货', 64, 3, 1, 91);
INSERT INTO `orderdata` VALUES (318, '2021-07-17 20:02:52', 24, '', 'Home', '6|6/1|3/7|9/', '已完成', 92, 11, 1, 24);
INSERT INTO `orderdata` VALUES (319, '2021-07-17 23:30:12', 53, '', 'Home', '9|5/8|2/1|2/9|5/5|4/7|9/', '待发货', 93, 18, 1, 53);
INSERT INTO `orderdata` VALUES (320, '2021-07-17 01:40:30', 12, '', 'Home', '7|9/5|5/10|8/2|7/', '待付款', 55, 7, 1, 12);
INSERT INTO `orderdata` VALUES (321, '2021-07-18 02:35:15', 46, '', 'Home', '9|2/', '待评价', 85, 1, 1, 46);
INSERT INTO `orderdata` VALUES (322, '2021-07-18 06:04:58', 25, '', 'Home', '8|3/2|8/2|1/3|8/3|8/7|8/5|1/10|5/9|2/10|2/', '已完成', 31, 20, 1, 25);
INSERT INTO `orderdata` VALUES (323, '2021-07-18 07:41:27', 5, '', 'Home', '9|9/3|1/7|1/3|6/7|9/2|10/8|5/', '待评价', 66, 10, 1, 5);
INSERT INTO `orderdata` VALUES (324, '2021-07-18 09:45:55', 49, '', 'Home', '1|2/5|4/10|10/7|1/7|2/10|2/', '已完成', 28, 7, 1, 49);
INSERT INTO `orderdata` VALUES (325, '2021-07-18 13:53:31', 71, '', 'Home', '9|1/3|8/8|10/6|3/9|2/4|5/', '已取消', 77, 17, 1, 71);
INSERT INTO `orderdata` VALUES (326, '2021-07-18 14:59:43', 58, '', 'Home', '3|6/7|8/5|10/8|10/6|7/10|10/2|1/4|9/', '待收货', 95, 7, 1, 58);
INSERT INTO `orderdata` VALUES (327, '2021-07-18 17:41:13', 72, '', 'Home', '2|1/4|6/4|4/9|3/9|2/9|3/1|5/5|10/6|6/', '待付款', 75, 13, 1, 72);
INSERT INTO `orderdata` VALUES (328, '2021-07-18 20:04:52', 75, '', 'Home', '3|3/7|1/3|1/', '待发货', 98, 8, 1, 75);
INSERT INTO `orderdata` VALUES (329, '2021-07-18 21:57:25', 85, '', 'Home', '4|7/10|4/7|10/7|1/3|10/1|4/2|1/', '已完成', 72, 9, 1, 85);
INSERT INTO `orderdata` VALUES (330, '2021-07-18 02:18:09', 24, '', 'Home', '3|3/', '待评价', 66, 16, 1, 24);
INSERT INTO `orderdata` VALUES (331, '2021-07-19 04:20:29', 58, '', 'Home', '5|5/6|8/4|10/1|4/4|5/4|7/5|4/6|8/', '已完成', 31, 13, 1, 58);
INSERT INTO `orderdata` VALUES (332, '2021-07-19 05:50:53', 41, '', 'Home', '4|4/9|3/7|2/9|2/7|7/9|7/10|8/2|4/1|7/4|9/', '已取消', 87, 6, 1, 41);
INSERT INTO `orderdata` VALUES (333, '2021-07-19 09:00:40', 92, '', 'Home', '9|10/', '待付款', 85, 15, 1, 92);
INSERT INTO `orderdata` VALUES (334, '2021-07-19 11:22:31', 82, '', 'Home', '9|6/6|3/7|9/4|4/2|4/2|5/', '已取消', 68, 13, 1, 82);
INSERT INTO `orderdata` VALUES (335, '2021-07-19 12:20:21', 5, '', 'Home', '6|7/8|7/4|1/5|4/', '已取消', 52, 4, 1, 5);
INSERT INTO `orderdata` VALUES (336, '2021-07-19 15:47:13', 87, '', 'Home', '10|10/8|7/5|6/6|5/4|8/7|6/', '已取消', 89, 1, 1, 87);
INSERT INTO `orderdata` VALUES (337, '2021-07-19 18:16:35', 85, '', 'Home', '4|6/3|9/8|7/5|1/7|6/3|6/2|4/7|4/', '待付款', 32, 12, 1, 85);
INSERT INTO `orderdata` VALUES (338, '2021-07-19 20:07:54', 28, '', 'Home', '3|7/2|7/9|10/4|8/8|9/2|3/1|6/1|10/8|3/', '已取消', 79, 15, 1, 28);
INSERT INTO `orderdata` VALUES (339, '2021-07-19 22:49:09', 78, '', 'Home', '6|4/8|5/3|9/8|9/9|7/1|3/4|1/5|7/2|3/1|7/', '待收货', 44, 9, 1, 78);
INSERT INTO `orderdata` VALUES (340, '2021-07-19 02:19:42', 22, '', 'Home', '9|4/5|8/10|4/9|4/1|4/10|7/', '待评价', 37, 10, 1, 22);
INSERT INTO `orderdata` VALUES (341, '2021-07-20 03:30:22', 87, '', 'Home', '2|3/8|3/6|5/3|1/', '待收货', 25, 15, 1, 87);
INSERT INTO `orderdata` VALUES (342, '2021-07-20 06:43:04', 66, '', 'Home', '4|9/3|4/', '待发货', 99, 13, 1, 66);
INSERT INTO `orderdata` VALUES (343, '2021-07-20 08:53:08', 39, '', 'Home', '8|6/8|1/', '待付款', 52, 15, 1, 39);
INSERT INTO `orderdata` VALUES (344, '2021-07-20 09:58:03', 50, '', 'Home', '5|9/7|4/10|7/1|4/8|6/6|8/5|2/1|9/', '待收货', 74, 10, 1, 50);
INSERT INTO `orderdata` VALUES (345, '2021-07-20 14:14:30', 31, '', 'Home', '1|1/', '待评价', 80, 0, 1, 31);
INSERT INTO `orderdata` VALUES (346, '2021-07-20 14:39:27', 99, '', 'Home', '4|7/3|2/4|5/5|4/', '已取消', 79, 0, 1, 99);
INSERT INTO `orderdata` VALUES (347, '2021-07-20 17:24:32', 64, '', 'Home', '5|2/8|3/5|6/5|10/9|6/1|5/', '已取消', 56, 6, 1, 64);
INSERT INTO `orderdata` VALUES (348, '2021-07-20 21:09:10', 29, '', 'Home', '6|8/2|2/7|6/5|1/3|9/5|6/6|7/3|1/8|6/3|10/', '已完成', 87, 7, 1, 29);
INSERT INTO `orderdata` VALUES (349, '2021-07-20 23:08:47', 70, '', 'Home', '2|5/2|10/8|3/10|7/', '待付款', 74, 15, 1, 70);
INSERT INTO `orderdata` VALUES (350, '2021-07-20 00:34:57', 72, '', 'Home', '8|10/10|9/', '已完成', 23, 4, 1, 72);
INSERT INTO `orderdata` VALUES (351, '2021-07-21 03:14:21', 53, '', 'Home', '8|5/', '已完成', 58, 18, 1, 53);
INSERT INTO `orderdata` VALUES (352, '2021-07-21 05:16:36', 73, '', 'Home', '3|7/4|8/6|5/4|2/10|5/5|9/1|5/8|8/3|2/10|9/', '已完成', 66, 17, 1, 73);
INSERT INTO `orderdata` VALUES (353, '2021-07-21 08:48:11', 44, '', 'Home', '2|9/10|4/10|3/3|7/10|6/4|10/', '待付款', 86, 14, 1, 44);
INSERT INTO `orderdata` VALUES (354, '2021-07-21 09:49:20', 7, '', 'Home', '2|7/6|7/4|3/1|7/1|4/1|7/2|6/6|9/10|3/7|9/', '待评价', 45, 20, 1, 7);
INSERT INTO `orderdata` VALUES (355, '2021-07-21 12:54:22', 1, '', 'Home', '4|7/9|2/7|10/', '已完成', 100, 18, 1, 1);
INSERT INTO `orderdata` VALUES (356, '2021-07-21 16:36:44', 30, '', 'Home', '8|7/6|1/1|7/10|7/', '待发货', 57, 18, 1, 30);
INSERT INTO `orderdata` VALUES (357, '2021-07-21 16:59:08', 25, '', 'Home', '8|7/6|1/6|6/6|2/7|3/1|3/1|5/5|6/', '待发货', 62, 1, 1, 25);
INSERT INTO `orderdata` VALUES (358, '2021-07-21 20:25:13', 27, '', 'Home', '8|4/7|6/3|5/10|3/8|1/10|3/2|1/3|7/', '待付款', 60, 9, 1, 27);
INSERT INTO `orderdata` VALUES (359, '2021-07-21 22:56:29', 78, '', 'Home', '9|9/7|5/', '已取消', 29, 15, 1, 78);
INSERT INTO `orderdata` VALUES (360, '2021-07-21 02:10:09', 80, '', 'Home', '10|6/2|5/4|1/4|2/4|3/7|7/3|10/4|9/4|8/', '已取消', 94, 18, 1, 80);
INSERT INTO `orderdata` VALUES (361, '2021-07-22 04:04:33', 97, '', 'Home', '7|8/6|1/10|8/8|1/4|10/5|3/9|10/8|2/6|2/', '待收货', 100, 8, 1, 97);
INSERT INTO `orderdata` VALUES (362, '2021-07-22 06:09:43', 70, '', 'Home', '6|2/3|9/3|3/1|10/9|1/1|2/9|6/8|1/9|9/2|8/', '待付款', 36, 14, 1, 70);
INSERT INTO `orderdata` VALUES (363, '2021-07-22 08:35:12', 46, '', 'Home', '2|6/2|3/3|10/', '已完成', 55, 0, 1, 46);
INSERT INTO `orderdata` VALUES (364, '2021-07-22 10:53:11', 20, '', 'Home', '2|6/9|8/10|2/', '已完成', 48, 19, 1, 20);
INSERT INTO `orderdata` VALUES (365, '2021-07-22 13:03:50', 13, '', 'Home', '2|10/2|10/6|9/8|10/10|5/8|5/', '已完成', 59, 16, 1, 13);
INSERT INTO `orderdata` VALUES (366, '2021-07-22 14:55:24', 76, '', 'Home', '5|10/5|2/5|1/10|7/3|8/10|6/5|2/10|5/', '已完成', 79, 13, 1, 76);
INSERT INTO `orderdata` VALUES (367, '2021-07-22 17:03:15', 10, '', 'Home', '3|5/1|5/4|6/2|5/', '待评价', 94, 12, 1, 10);
INSERT INTO `orderdata` VALUES (368, '2021-07-22 20:34:49', 60, '', 'Home', '2|9/10|8/1|7/4|7/', '待收货', 61, 18, 1, 60);
INSERT INTO `orderdata` VALUES (369, '2021-07-22 23:48:21', 80, '', 'Home', '3|7/1|1/1|8/1|6/9|8/6|3/4|8/10|4/', '已取消', 98, 6, 1, 80);
INSERT INTO `orderdata` VALUES (370, '2021-07-22 02:17:06', 36, '', 'Home', '3|5/2|10/10|9/2|9/10|8/10|10/', '待评价', 76, 17, 1, 36);
INSERT INTO `orderdata` VALUES (371, '2021-07-23 04:06:24', 58, '', 'Home', '9|3/2|6/', '已完成', 35, 16, 1, 58);
INSERT INTO `orderdata` VALUES (372, '2021-07-23 04:57:56', 67, '', 'Home', '8|4/2|2/8|5/10|9/5|1/6|10/7|4/7|3/9|10/', '待收货', 48, 14, 1, 67);
INSERT INTO `orderdata` VALUES (373, '2021-07-23 09:26:53', 95, '', 'Home', '10|9/2|2/', '待收货', 72, 12, 1, 95);
INSERT INTO `orderdata` VALUES (374, '2021-07-23 10:47:13', 5, '', 'Home', '9|6/2|7/8|8/3|7/1|5/7|7/7|8/1|4/9|3/', '待付款', 68, 2, 1, 5);
INSERT INTO `orderdata` VALUES (375, '2021-07-23 13:51:11', 26, '', 'Home', '7|7/1|5/1|1/8|7/', '已取消', 79, 4, 1, 26);
INSERT INTO `orderdata` VALUES (376, '2021-07-23 14:29:19', 65, '', 'Home', '5|2/9|1/7|3/8|3/', '已完成', 44, 9, 1, 65);
INSERT INTO `orderdata` VALUES (377, '2021-07-23 16:52:05', 5, '', 'Home', '9|6/', '待发货', 57, 9, 1, 5);
INSERT INTO `orderdata` VALUES (378, '2021-07-23 20:01:21', 50, '', 'Home', '5|8/1|7/1|5/', '待发货', 96, 1, 1, 50);
INSERT INTO `orderdata` VALUES (379, '2021-07-23 23:26:06', 18, '', 'Home', '1|2/3|5/6|8/10|10/10|8/1|7/10|9/7|4/9|3/', '待评价', 51, 17, 1, 18);
INSERT INTO `orderdata` VALUES (380, '2021-07-23 00:16:52', 50, '', 'Home', '9|1/10|10/9|6/7|7/9|4/3|7/3|2/', '待收货', 90, 18, 1, 50);
INSERT INTO `orderdata` VALUES (381, '2021-07-24 02:34:54', 46, '', 'Home', '8|9/3|10/5|4/', '已完成', 42, 8, 1, 46);
INSERT INTO `orderdata` VALUES (382, '2021-07-24 06:39:10', 32, '', 'Home', '9|4/', '已取消', 61, 8, 1, 32);
INSERT INTO `orderdata` VALUES (383, '2021-07-24 08:16:55', 8, '', 'Home', '6|3/10|4/5|1/', '已取消', 36, 13, 1, 8);
INSERT INTO `orderdata` VALUES (384, '2021-07-24 09:58:42', 23, '', 'Home', '7|8/6|5/', '已完成', 26, 8, 1, 23);
INSERT INTO `orderdata` VALUES (385, '2021-07-24 12:06:36', 12, '', 'Home', '4|6/2|6/4|2/6|9/', '待收货', 67, 9, 1, 12);
INSERT INTO `orderdata` VALUES (386, '2021-07-24 14:33:08', 2, '', 'Home', '2|1/1|10/3|8/2|4/', '待评价', 86, 11, 1, 2);
INSERT INTO `orderdata` VALUES (387, '2021-07-24 18:29:51', 57, '', 'Home', '2|9/', '待发货', 43, 8, 1, 57);
INSERT INTO `orderdata` VALUES (388, '2021-07-24 20:15:12', 85, '', 'Home', '2|3/2|7/3|3/4|5/2|1/10|4/1|10/4|1/', '已完成', 67, 20, 1, 85);
INSERT INTO `orderdata` VALUES (389, '2021-07-24 22:43:56', 39, '', 'Home', '6|6/10|7/2|10/10|4/6|1/7|8/4|3/1|9/', '待付款', 68, 8, 1, 39);
INSERT INTO `orderdata` VALUES (390, '2021-07-24 01:43:34', 28, '', 'Home', '3|4/', '待收货', 28, 7, 1, 28);
INSERT INTO `orderdata` VALUES (391, '2021-07-25 03:02:48', 67, '', 'Home', '10|9/4|8/1|2/3|7/3|8/9|4/4|1/6|3/9|3/7|9/', '已取消', 86, 7, 1, 67);
INSERT INTO `orderdata` VALUES (392, '2021-07-25 06:14:58', 69, '', 'Home', '5|10/4|2/9|1/6|5/9|3/3|7/6|9/', '待付款', 96, 9, 1, 69);
INSERT INTO `orderdata` VALUES (393, '2021-07-25 09:08:42', 32, '', 'Home', '6|8/1|4/7|2/8|7/8|9/9|4/8|2/4|3/5|10/5|1/', '已取消', 88, 2, 1, 32);
INSERT INTO `orderdata` VALUES (394, '2021-07-25 11:08:18', 3, '', 'Home', '9|6/5|10/4|8/9|3/8|1/7|9/7|7/', '待收货', 69, 1, 1, 3);
INSERT INTO `orderdata` VALUES (395, '2021-07-25 12:38:35', 94, '', 'Home', '8|9/8|8/1|9/4|2/6|5/7|4/3|5/', '已完成', 49, 18, 1, 94);
INSERT INTO `orderdata` VALUES (396, '2021-07-25 15:53:29', 14, '', 'Home', '7|9/7|8/8|4/2|3/9|10/', '待付款', 67, 14, 1, 14);
INSERT INTO `orderdata` VALUES (397, '2021-07-25 18:00:07', 11, '', 'Home', '7|5/4|8/10|6/10|7/', '已完成', 33, 17, 1, 11);
INSERT INTO `orderdata` VALUES (398, '2021-07-25 21:30:50', 31, '', 'Home', '7|5/10|5/2|3/', '待付款', 21, 12, 1, 31);
INSERT INTO `orderdata` VALUES (399, '2021-07-25 22:24:31', 45, '', 'Home', '3|5/10|2/4|1/7|5/3|3/10|3/10|6/9|4/', '待发货', 47, 3, 1, 45);
INSERT INTO `orderdata` VALUES (400, '2021-07-25 00:09:21', 80, '', 'Home', '10|4/3|6/9|4/4|7/2|6/10|10/5|3/1|9/5|7/9|7/', '待发货', 59, 12, 1, 80);
INSERT INTO `orderdata` VALUES (401, '2021-07-26 02:51:30', 35, '', 'Home', '8|3/', '待付款', 53, 14, 1, 35);
INSERT INTO `orderdata` VALUES (402, '2021-07-26 06:58:40', 91, '', 'Home', '9|3/5|5/7|5/5|4/6|3/10|4/9|2/7|4/5|9/', '待发货', 76, 17, 1, 91);
INSERT INTO `orderdata` VALUES (403, '2021-07-26 08:58:28', 86, '', 'Home', '2|6/', '待收货', 36, 1, 1, 86);
INSERT INTO `orderdata` VALUES (404, '2021-07-26 10:51:59', 85, '', 'Home', '10|4/1|6/2|3/3|4/4|10/1|9/10|10/9|1/7|8/1|9/', '待发货', 27, 7, 1, 85);
INSERT INTO `orderdata` VALUES (405, '2021-07-26 12:49:28', 42, '', 'Home', '3|1/9|10/7|5/6|1/', '待评价', 33, 14, 1, 42);
INSERT INTO `orderdata` VALUES (406, '2021-07-26 14:56:03', 46, '', 'Home', '7|1/9|6/5|10/1|1/7|3/8|4/7|9/10|8/', '已完成', 80, 5, 1, 46);
INSERT INTO `orderdata` VALUES (407, '2021-07-26 16:58:45', 53, '', 'Home', '10|1/4|1/10|10/', '已完成', 41, 12, 1, 53);
INSERT INTO `orderdata` VALUES (408, '2021-07-26 20:14:41', 1, '', 'Home', '4|7/6|4/2|7/6|1/10|2/4|6/6|1/7|10/', '已完成', 71, 9, 1, 1);
INSERT INTO `orderdata` VALUES (409, '2021-07-26 23:21:47', 96, '', 'Home', '9|10/3|1/10|1/7|4/4|8/2|1/7|3/9|5/', '已取消', 40, 16, 1, 96);
INSERT INTO `orderdata` VALUES (410, '2021-07-26 00:45:41', 80, '', 'Home', '7|4/', '待付款', 43, 9, 1, 80);
INSERT INTO `orderdata` VALUES (411, '2021-07-27 03:30:17', 16, '', 'Home', '1|9/7|6/9|1/', '待付款', 91, 3, 1, 16);
INSERT INTO `orderdata` VALUES (412, '2021-07-27 06:50:50', 42, '', 'Home', '3|5/8|1/3|5/', '已完成', 94, 17, 1, 42);
INSERT INTO `orderdata` VALUES (413, '2021-07-27 07:42:50', 83, '', 'Home', '7|7/9|2/7|6/9|10/3|10/8|8/10|9/7|5/8|8/', '已完成', 35, 7, 1, 83);
INSERT INTO `orderdata` VALUES (414, '2021-07-27 10:24:42', 17, '', 'Home', '5|1/8|8/3|4/5|9/5|3/2|3/9|2/3|3/7|3/4|7/', '待发货', 44, 8, 1, 17);
INSERT INTO `orderdata` VALUES (415, '2021-07-27 13:37:27', 30, '', 'Home', '6|1/4|3/5|1/2|4/', '已完成', 91, 19, 1, 30);
INSERT INTO `orderdata` VALUES (416, '2021-07-27 15:05:05', 67, '', 'Home', '3|10/1|9/8|7/3|6/7|4/10|8/9|5/2|9/5|1/5|9/', '待收货', 20, 1, 1, 67);
INSERT INTO `orderdata` VALUES (417, '2021-07-27 19:09:21', 15, '', 'Home', '8|5/1|1/', '待收货', 65, 17, 1, 15);
INSERT INTO `orderdata` VALUES (418, '2021-07-27 20:17:32', 99, '', 'Home', '8|5/2|4/7|7/8|3/10|7/8|7/', '已取消', 51, 7, 1, 99);
INSERT INTO `orderdata` VALUES (419, '2021-07-27 21:55:40', 95, '', 'Home', '7|7/4|4/', '待发货', 30, 19, 1, 95);
INSERT INTO `orderdata` VALUES (420, '2021-07-27 00:49:45', 45, '', 'Home', '2|5/4|6/5|1/5|7/8|5/', '已取消', 78, 20, 1, 45);
INSERT INTO `orderdata` VALUES (421, '2021-07-28 02:44:43', 91, '', 'Home', '5|7/3|4/10|6/10|7/1|4/9|3/4|2/4|2/4|4/1|7/', '待付款', 30, 10, 1, 91);
INSERT INTO `orderdata` VALUES (422, '2021-07-28 06:43:45', 82, '', 'Home', '4|1/', '待付款', 79, 19, 1, 82);
INSERT INTO `orderdata` VALUES (423, '2021-07-28 07:56:37', 25, '', 'Home', '2|7/10|10/4|6/7|5/3|10/', '待收货', 24, 9, 1, 25);
INSERT INTO `orderdata` VALUES (424, '2021-07-28 11:56:33', 29, '', 'Home', '7|3/6|5/6|10/9|10/6|1/9|1/2|7/6|9/6|9/', '待收货', 49, 7, 1, 29);
INSERT INTO `orderdata` VALUES (425, '2021-07-28 14:10:39', 67, '', 'Home', '6|3/3|9/', '待发货', 69, 3, 1, 67);
INSERT INTO `orderdata` VALUES (426, '2021-07-28 14:24:07', 90, '', 'Home', '7|7/5|9/10|6/5|8/8|1/8|9/', '待收货', 48, 13, 1, 90);
INSERT INTO `orderdata` VALUES (427, '2021-07-28 16:56:07', 65, '', 'Home', '2|2/4|6/8|6/5|3/5|2/3|8/6|9/4|6/', '待发货', 98, 1, 1, 65);
INSERT INTO `orderdata` VALUES (428, '2021-07-28 19:22:00', 59, '', 'Home', '2|7/1|10/', '已取消', 83, 4, 1, 59);
INSERT INTO `orderdata` VALUES (429, '2021-07-28 23:22:43', 59, '', 'Home', '10|4/4|3/9|10/7|3/10|3/3|6/1|6/', '已取消', 96, 0, 1, 59);
INSERT INTO `orderdata` VALUES (430, '2021-07-28 01:25:30', 58, '', 'Home', '1|8/3|7/5|1/1|9/1|3/4|10/5|9/2|10/5|3/', '待发货', 83, 1, 1, 58);
INSERT INTO `orderdata` VALUES (431, '2021-07-29 03:12:28', 15, '', 'Home', '2|6/3|4/', '待收货', 52, 7, 1, 15);
INSERT INTO `orderdata` VALUES (432, '2021-07-29 06:27:35', 99, '', 'Home', '10|2/5|10/9|3/1|9/6|10/5|9/3|1/8|9/3|6/10|9/', '待评价', 92, 11, 1, 99);
INSERT INTO `orderdata` VALUES (433, '2021-07-29 08:37:22', 61, '', 'Home', '7|2/2|2/4|6/4|1/10|10/', '待发货', 83, 1, 1, 61);
INSERT INTO `orderdata` VALUES (434, '2021-07-29 10:23:11', 54, '', 'Home', '1|1/7|10/5|10/6|2/', '待收货', 98, 3, 1, 54);
INSERT INTO `orderdata` VALUES (435, '2021-07-29 14:02:03', 60, '', 'Home', '3|7/8|4/1|9/3|4/3|2/10|10/10|1/2|4/', '待评价', 69, 14, 1, 60);
INSERT INTO `orderdata` VALUES (436, '2021-07-29 14:37:44', 54, '', 'Home', '8|2/2|4/4|4/1|3/7|8/8|6/3|4/', '待收货', 54, 13, 1, 54);
INSERT INTO `orderdata` VALUES (437, '2021-07-29 17:28:22', 12, '', 'Home', '8|9/9|1/', '待付款', 66, 6, 1, 12);
INSERT INTO `orderdata` VALUES (438, '2021-07-29 19:42:21', 32, '', 'Home', '6|6/10|8/8|2/9|1/', '待付款', 44, 20, 1, 32);
INSERT INTO `orderdata` VALUES (439, '2021-07-29 22:10:00', 33, '', 'Home', '1|5/2|5/10|3/7|6/9|2/5|2/8|8/', '已完成', 75, 5, 1, 33);
INSERT INTO `orderdata` VALUES (440, '2021-07-29 02:22:12', 26, '', 'Home', '6|10/2|10/7|7/9|7/10|6/7|8/5|9/', '待发货', 23, 11, 1, 26);
INSERT INTO `orderdata` VALUES (441, '2021-07-30 04:10:08', 81, '', 'Home', '9|2/8|6/7|3/1|2/8|1/7|3/', '待发货', 88, 18, 1, 81);
INSERT INTO `orderdata` VALUES (442, '2021-07-30 06:13:17', 9, '', 'Home', '9|4/9|7/6|10/7|3/', '待发货', 85, 13, 1, 9);
INSERT INTO `orderdata` VALUES (443, '2021-07-30 07:53:48', 48, '', 'Home', '9|1/', '待收货', 95, 9, 1, 48);
INSERT INTO `orderdata` VALUES (444, '2021-07-30 09:55:29', 27, '', 'Home', '1|5/2|2/1|2/', '已完成', 38, 15, 1, 27);
INSERT INTO `orderdata` VALUES (445, '2021-07-30 14:03:20', 29, '', 'Home', '7|3/1|5/8|1/3|9/4|4/3|4/3|1/7|1/7|10/6|6/', '待收货', 69, 10, 1, 29);
INSERT INTO `orderdata` VALUES (446, '2021-07-30 15:53:26', 89, '', 'Home', '1|6/8|3/2|1/1|8/2|4/', '已完成', 88, 12, 1, 89);
INSERT INTO `orderdata` VALUES (447, '2021-07-30 18:07:44', 34, '', 'Home', '7|1/8|4/', '已取消', 34, 1, 1, 34);
INSERT INTO `orderdata` VALUES (448, '2021-07-30 20:28:45', 54, '', 'Home', '6|6/10|7/1|10/5|3/4|1/3|8/1|10/10|7/2|9/', '已取消', 57, 1, 1, 54);
INSERT INTO `orderdata` VALUES (449, '2021-07-30 23:46:13', 9, '', 'Home', '9|1/3|4/1|9/1|9/10|4/10|7/2|8/6|6/3|4/4|2/', '待发货', 78, 20, 1, 9);
INSERT INTO `orderdata` VALUES (450, '2021-07-30 01:37:17', 12, '', 'Home', '4|3/2|8/5|6/4|3/3|10/4|7/2|6/9|9/3|1/', '待付款', 58, 17, 1, 12);
INSERT INTO `orderdata` VALUES (451, '2021-08-01 03:49:07', 96, '', 'Home', '8|7/', '待收货', 91, 6, 1, 96);
INSERT INTO `orderdata` VALUES (452, '2021-08-01 05:28:51', 65, '', 'Home', '10|10/5|3/', '待收货', 62, 18, 1, 65);
INSERT INTO `orderdata` VALUES (453, '2021-08-01 08:07:21', 66, '', 'Home', '9|10/7|2/1|2/2|5/10|7/', '已完成', 82, 20, 1, 66);
INSERT INTO `orderdata` VALUES (454, '2021-08-01 11:20:48', 91, '', 'Home', '9|10/8|9/7|4/9|5/7|6/5|3/1|2/2|8/', '已取消', 31, 3, 1, 91);
INSERT INTO `orderdata` VALUES (455, '2021-08-01 12:34:21', 36, '', 'Home', '6|7/2|3/9|9/8|9/2|8/6|10/2|6/2|2/9|4/', '待付款', 64, 15, 1, 36);
INSERT INTO `orderdata` VALUES (456, '2021-08-01 14:49:52', 8, '', 'Home', '7|6/5|9/10|4/6|3/2|4/1|3/6|7/5|4/3|4/7|9/', '待评价', 41, 5, 1, 8);
INSERT INTO `orderdata` VALUES (457, '2021-08-01 17:34:43', 79, '', 'Home', '10|5/', '待收货', 38, 18, 1, 79);
INSERT INTO `orderdata` VALUES (458, '2021-08-01 19:36:55', 74, '', 'Home', '5|4/', '待收货', 89, 6, 1, 74);
INSERT INTO `orderdata` VALUES (459, '2021-08-01 23:58:19', 19, '', 'Home', '1|7/1|6/8|3/7|4/3|9/6|3/2|5/6|6/', '已取消', 24, 1, 1, 19);
INSERT INTO `orderdata` VALUES (460, '2021-08-01 01:30:26', 93, '', 'Home', '8|1/', '已完成', 39, 14, 1, 93);
INSERT INTO `orderdata` VALUES (461, '2021-08-02 03:45:55', 3, '', 'Home', '1|1/1|4/6|4/8|1/1|4/5|4/9|3/4|10/4|6/9|4/', '待付款', 31, 4, 1, 3);
INSERT INTO `orderdata` VALUES (462, '2021-08-02 04:57:29', 21, '', 'Home', '8|8/1|9/', '待收货', 60, 15, 1, 21);
INSERT INTO `orderdata` VALUES (463, '2021-08-02 08:15:42', 46, '', 'Home', '7|3/2|2/8|6/3|2/7|1/', '已完成', 93, 16, 1, 46);
INSERT INTO `orderdata` VALUES (464, '2021-08-02 09:52:24', 38, '', 'Home', '5|1/8|8/1|10/3|1/8|10/7|1/', '已取消', 37, 7, 1, 38);
INSERT INTO `orderdata` VALUES (465, '2021-08-02 13:32:59', 68, '', 'Home', '10|5/1|1/4|9/7|5/6|1/4|10/7|4/8|9/1|3/9|10/', '待付款', 88, 8, 1, 68);
INSERT INTO `orderdata` VALUES (466, '2021-08-02 16:31:48', 13, '', 'Home', '8|10/8|3/2|8/5|3/1|2/9|8/2|3/6|8/9|3/8|6/', '待收货', 70, 8, 1, 13);
INSERT INTO `orderdata` VALUES (467, '2021-08-02 18:37:23', 23, '', 'Home', '9|1/3|4/2|7/2|2/5|2/5|4/', '待付款', 81, 5, 1, 23);
INSERT INTO `orderdata` VALUES (468, '2021-08-02 20:38:16', 13, '', 'Home', '9|9/2|8/10|7/2|9/10|2/', '待评价', 77, 14, 1, 13);
INSERT INTO `orderdata` VALUES (469, '2021-08-02 23:41:05', 61, '', 'Home', '7|2/7|6/1|2/3|8/', '已取消', 79, 13, 1, 61);
INSERT INTO `orderdata` VALUES (470, '2021-08-02 01:34:28', 88, '', 'Home', '10|6/1|1/', '已取消', 69, 16, 1, 88);
INSERT INTO `orderdata` VALUES (471, '2021-08-03 03:09:49', 23, '', 'Home', '5|7/2|9/10|4/', '待评价', 87, 13, 1, 23);
INSERT INTO `orderdata` VALUES (472, '2021-08-03 06:55:34', 86, '', 'Home', '10|9/9|2/3|7/9|3/5|4/8|3/6|9/2|3/10|8/1|5/', '待付款', 70, 1, 1, 86);
INSERT INTO `orderdata` VALUES (473, '2021-08-03 07:29:02', 64, '', 'Home', '7|5/6|5/6|5/3|9/10|4/10|10/9|2/10|3/', '已取消', 54, 8, 1, 64);
INSERT INTO `orderdata` VALUES (474, '2021-08-03 10:53:48', 67, '', 'Home', '8|9/', '待发货', 37, 3, 1, 67);
INSERT INTO `orderdata` VALUES (475, '2021-08-03 13:58:15', 54, '', 'Home', '10|3/1|6/1|6/3|3/', '已取消', 42, 11, 1, 54);
INSERT INTO `orderdata` VALUES (476, '2021-08-03 15:56:32', 6, '', 'Home', '3|6/10|4/4|8/5|5/', '已取消', 94, 18, 1, 6);
INSERT INTO `orderdata` VALUES (477, '2021-08-03 17:23:08', 97, '', 'Home', '8|4/3|2/', '待评价', 92, 18, 1, 97);
INSERT INTO `orderdata` VALUES (478, '2021-08-03 21:27:15', 3, '', 'Home', '1|1/9|1/10|8/8|1/8|5/5|5/7|8/2|2/5|7/', '已完成', 41, 13, 1, 3);
INSERT INTO `orderdata` VALUES (479, '2021-08-03 22:09:40', 9, '', 'Home', '4|2/6|5/3|4/6|6/3|2/2|4/', '待付款', 39, 9, 1, 9);
INSERT INTO `orderdata` VALUES (480, '2021-08-03 02:06:43', 43, '', 'Home', '7|4/', '已取消', 25, 11, 1, 43);
INSERT INTO `orderdata` VALUES (481, '2021-08-04 02:36:10', 97, '', 'Home', '8|6/5|6/9|1/', '待付款', 29, 16, 1, 97);
INSERT INTO `orderdata` VALUES (482, '2021-08-04 06:39:46', 32, '', 'Home', '7|5/3|2/7|9/9|1/10|4/2|4/3|6/', '待收货', 23, 6, 1, 32);
INSERT INTO `orderdata` VALUES (483, '2021-08-04 07:57:15', 34, '', 'Home', '7|6/1|8/4|2/8|3/7|7/', '待评价', 49, 6, 1, 34);
INSERT INTO `orderdata` VALUES (484, '2021-08-04 10:14:34', 52, '', 'Home', '8|6/8|6/1|8/7|10/10|8/8|5/1|9/8|4/2|5/3|8/', '待收货', 79, 6, 1, 52);
INSERT INTO `orderdata` VALUES (485, '2021-08-04 13:40:58', 1, '', 'Home', '10|10/8|1/5|5/9|5/2|7/1|10/9|1/', '待发货', 70, 6, 1, 1);
INSERT INTO `orderdata` VALUES (486, '2021-08-04 15:22:28', 42, '', 'Home', '8|10/9|5/5|10/3|7/7|8/9|4/', '待付款', 70, 7, 1, 42);
INSERT INTO `orderdata` VALUES (487, '2021-08-04 16:54:52', 8, '', 'Home', '4|6/4|2/1|8/4|1/3|6/1|9/5|4/4|7/9|2/10|3/', '待发货', 69, 8, 1, 8);
INSERT INTO `orderdata` VALUES (488, '2021-08-04 19:50:33', 92, '', 'Home', '10|9/4|3/6|3/3|7/10|1/1|10/6|9/1|4/2|8/8|2/', '待付款', 21, 5, 1, 92);
INSERT INTO `orderdata` VALUES (489, '2021-08-04 22:02:06', 38, '', 'Home', '9|10/', '已取消', 72, 6, 1, 38);
INSERT INTO `orderdata` VALUES (490, '2021-08-04 00:57:38', 38, '', 'Home', '4|10/9|2/1|5/4|4/4|9/4|8/', '待评价', 93, 10, 1, 38);
INSERT INTO `orderdata` VALUES (491, '2021-08-05 02:38:06', 48, '', 'Home', '8|5/8|1/1|6/8|1/4|9/3|1/7|2/4|1/5|10/', '待收货', 33, 11, 1, 48);
INSERT INTO `orderdata` VALUES (492, '2021-08-05 05:49:01', 93, '', 'Home', '4|9/10|3/8|1/7|8/1|1/6|7/5|8/1|8/', '待发货', 55, 10, 1, 93);
INSERT INTO `orderdata` VALUES (493, '2021-08-05 07:42:13', 47, '', 'Home', '2|3/10|6/7|9/9|10/5|9/6|6/8|3/', '待付款', 55, 19, 1, 47);
INSERT INTO `orderdata` VALUES (494, '2021-08-05 11:00:08', 22, '', 'Home', '1|2/8|9/10|2/3|6/9|9/3|3/7|2/8|2/1|8/6|7/', '已完成', 30, 4, 1, 22);
INSERT INTO `orderdata` VALUES (495, '2021-08-05 12:07:59', 50, '', 'Home', '4|9/9|2/5|8/4|10/8|3/', '待发货', 50, 8, 1, 50);
INSERT INTO `orderdata` VALUES (496, '2021-08-05 16:30:52', 90, '', 'Home', '9|4/1|7/6|8/', '待评价', 45, 16, 1, 90);
INSERT INTO `orderdata` VALUES (497, '2021-08-05 18:39:40', 25, '', 'Home', '1|3/8|10/4|8/5|7/2|9/2|2/6|3/4|7/5|7/', '待发货', 48, 8, 1, 25);
INSERT INTO `orderdata` VALUES (498, '2021-08-05 20:00:13', 53, '', 'Home', '1|4/6|7/6|7/5|8/7|3/3|7/6|6/10|6/9|7/1|6/', '已取消', 68, 3, 1, 53);
INSERT INTO `orderdata` VALUES (499, '2021-08-05 22:03:20', 46, '', 'Home', '9|10/5|8/9|3/7|6/6|1/3|3/10|6/8|8/', '已取消', 98, 17, 1, 46);
INSERT INTO `orderdata` VALUES (500, '2021-08-05 00:04:31', 55, '', 'Home', '8|5/7|5/2|9/4|8/2|1/1|9/10|4/', '已取消', 22, 7, 1, 55);
INSERT INTO `orderdata` VALUES (501, '2021-08-06 02:56:36', 27, '', 'Home', '2|1/5|5/2|3/6|8/7|6/1|9/5|2/', '已完成', 62, 14, 1, 27);
INSERT INTO `orderdata` VALUES (502, '2021-08-06 06:25:06', 27, '', 'Home', '5|10/10|8/', '已完成', 95, 9, 1, 27);
INSERT INTO `orderdata` VALUES (503, '2021-08-06 07:53:42', 21, '', 'Home', '9|10/3|7/5|7/7|4/3|7/3|9/9|6/4|4/', '待付款', 52, 4, 1, 21);
INSERT INTO `orderdata` VALUES (504, '2021-08-06 09:58:14', 89, '', 'Home', '2|5/1|3/7|7/1|2/10|1/3|8/7|5/', '已取消', 29, 7, 1, 89);
INSERT INTO `orderdata` VALUES (505, '2021-08-06 13:56:37', 29, '', 'Home', '5|9/', '已完成', 94, 13, 1, 29);
INSERT INTO `orderdata` VALUES (506, '2021-08-06 15:48:33', 17, '', 'Home', '3|1/3|9/', '待收货', 56, 4, 1, 17);
INSERT INTO `orderdata` VALUES (507, '2021-08-06 18:02:51', 71, '', 'Home', '1|6/8|9/10|3/4|6/3|4/3|10/8|4/3|4/', '待发货', 89, 1, 1, 71);
INSERT INTO `orderdata` VALUES (508, '2021-08-06 19:46:16', 59, '', 'Home', '3|2/1|2/1|5/8|1/2|5/10|6/', '待发货', 71, 11, 1, 59);
INSERT INTO `orderdata` VALUES (509, '2021-08-06 22:30:22', 44, '', 'Home', '6|6/1|2/4|3/7|8/4|10/1|8/', '已取消', 40, 12, 1, 44);
INSERT INTO `orderdata` VALUES (510, '2021-08-06 00:36:04', 64, '', 'Home', '10|1/', '已取消', 67, 20, 1, 64);
INSERT INTO `orderdata` VALUES (511, '2021-08-07 03:25:52', 52, '', 'Home', '6|7/3|5/4|10/2|5/', '待评价', 27, 0, 1, 52);
INSERT INTO `orderdata` VALUES (512, '2021-08-07 05:43:01', 52, '', 'Home', '9|10/8|5/1|10/4|4/3|10/6|4/5|6/', '已取消', 20, 1, 1, 52);
INSERT INTO `orderdata` VALUES (513, '2021-08-07 09:03:13', 4, '', 'Home', '1|2/3|4/1|7/10|8/', '待发货', 79, 4, 1, 4);
INSERT INTO `orderdata` VALUES (514, '2021-08-07 11:19:14', 73, '', 'Home', '6|6/', '待发货', 73, 2, 1, 73);
INSERT INTO `orderdata` VALUES (515, '2021-08-07 13:01:26', 17, '', 'Home', '5|6/', '待收货', 32, 10, 1, 17);
INSERT INTO `orderdata` VALUES (516, '2021-08-07 16:39:59', 10, '', 'Home', '4|5/1|9/10|6/', '待收货', 49, 6, 1, 10);
INSERT INTO `orderdata` VALUES (517, '2021-08-07 18:45:13', 87, '', 'Home', '6|4/6|6/9|9/5|7/2|7/4|8/', '待收货', 93, 18, 1, 87);
INSERT INTO `orderdata` VALUES (518, '2021-08-07 20:05:39', 57, '', 'Home', '1|5/3|9/7|2/5|9/10|3/6|6/7|8/10|3/5|4/4|7/', '已完成', 81, 18, 1, 57);
INSERT INTO `orderdata` VALUES (519, '2021-08-07 21:40:25', 39, '', 'Home', '9|6/1|3/8|8/', '已取消', 26, 0, 1, 39);
INSERT INTO `orderdata` VALUES (520, '2021-08-07 02:18:37', 95, '', 'Home', '4|7/6|7/8|7/7|2/8|3/9|4/3|2/7|6/4|3/', '待收货', 75, 12, 1, 95);
INSERT INTO `orderdata` VALUES (521, '2021-08-08 04:46:20', 48, '', 'Home', '9|3/4|5/9|4/2|2/4|10/7|8/1|6/4|2/', '待发货', 96, 13, 1, 48);
INSERT INTO `orderdata` VALUES (522, '2021-08-08 05:31:06', 31, '', 'Home', '10|10/4|5/3|8/2|1/2|5/', '已取消', 81, 17, 1, 31);
INSERT INTO `orderdata` VALUES (523, '2021-08-08 08:17:40', 26, '', 'Home', '4|1/7|2/6|8/', '待发货', 56, 14, 1, 26);
INSERT INTO `orderdata` VALUES (524, '2021-08-08 10:26:30', 36, '', 'Home', '10|2/10|7/7|2/2|6/', '待评价', 75, 11, 1, 36);
INSERT INTO `orderdata` VALUES (525, '2021-08-08 13:56:16', 83, '', 'Home', '3|4/2|1/10|3/8|6/5|5/2|4/10|9/', '已取消', 46, 4, 1, 83);
INSERT INTO `orderdata` VALUES (526, '2021-08-08 15:10:37', 13, '', 'Home', '5|9/', '已完成', 50, 13, 1, 13);
INSERT INTO `orderdata` VALUES (527, '2021-08-08 18:07:47', 20, '', 'Home', '8|9/4|6/', '待收货', 65, 6, 1, 20);
INSERT INTO `orderdata` VALUES (528, '2021-08-08 20:49:21', 70, '', 'Home', '7|5/1|1/1|7/6|1/9|8/10|8/9|5/9|7/', '待收货', 36, 12, 1, 70);
INSERT INTO `orderdata` VALUES (529, '2021-08-08 22:34:31', 11, '', 'Home', '3|6/2|6/1|1/7|6/4|3/7|4/5|6/1|4/4|5/7|5/', '已完成', 82, 15, 1, 11);
INSERT INTO `orderdata` VALUES (530, '2021-08-08 01:34:51', 100, '', 'Home', '1|8/8|8/9|7/10|4/10|6/7|3/', '待评价', 79, 5, 1, 100);
INSERT INTO `orderdata` VALUES (531, '2021-08-09 04:45:07', 46, '', 'Home', '9|1/', '待收货', 90, 6, 1, 46);
INSERT INTO `orderdata` VALUES (532, '2021-08-09 06:29:21', 84, '', 'Home', '2|6/2|2/9|6/', '待发货', 25, 7, 1, 84);
INSERT INTO `orderdata` VALUES (533, '2021-08-09 09:12:58', 45, '', 'Home', '5|4/9|7/10|1/1|5/5|8/2|8/7|5/', '待收货', 51, 3, 1, 45);
INSERT INTO `orderdata` VALUES (534, '2021-08-09 10:00:36', 48, '', 'Home', '10|5/4|7/', '已取消', 82, 12, 1, 48);
INSERT INTO `orderdata` VALUES (535, '2021-08-09 12:47:52', 9, '', 'Home', '8|5/8|6/', '待收货', 67, 6, 1, 9);
INSERT INTO `orderdata` VALUES (536, '2021-08-09 15:44:03', 57, '', 'Home', '5|9/3|4/3|6/1|2/3|4/', '待评价', 41, 4, 1, 57);
INSERT INTO `orderdata` VALUES (537, '2021-08-09 18:01:18', 17, '', 'Home', '8|8/2|1/7|3/7|2/10|3/', '待发货', 37, 2, 1, 17);
INSERT INTO `orderdata` VALUES (538, '2021-08-09 21:31:01', 94, '', 'Home', '2|10/8|2/9|1/4|9/6|8/', '已完成', 93, 3, 1, 94);
INSERT INTO `orderdata` VALUES (539, '2021-08-09 22:55:52', 88, '', 'Home', '2|5/1|7/', '已完成', 23, 20, 1, 88);
INSERT INTO `orderdata` VALUES (540, '2021-08-09 00:24:00', 77, '', 'Home', '3|1/1|10/4|4/3|2/6|1/5|2/', '待付款', 96, 19, 1, 77);
INSERT INTO `orderdata` VALUES (541, '2021-08-10 03:35:16', 22, '', 'Home', '10|4/3|1/9|8/8|1/', '待评价', 49, 4, 1, 22);
INSERT INTO `orderdata` VALUES (542, '2021-08-10 05:15:12', 100, '', 'Home', '10|6/10|8/7|4/6|8/8|8/', '待付款', 91, 0, 1, 100);
INSERT INTO `orderdata` VALUES (543, '2021-08-10 09:29:33', 60, '', 'Home', '3|5/9|4/8|7/3|3/10|1/9|10/6|8/5|9/5|5/9|9/', '待发货', 62, 12, 1, 60);
INSERT INTO `orderdata` VALUES (544, '2021-08-10 11:12:10', 40, '', 'Home', '10|6/10|7/5|4/10|10/2|8/3|6/', '已完成', 63, 17, 1, 40);
INSERT INTO `orderdata` VALUES (545, '2021-08-10 12:31:58', 11, '', 'Home', '8|6/6|2/9|9/', '已取消', 96, 6, 1, 11);
INSERT INTO `orderdata` VALUES (546, '2021-08-10 14:28:40', 46, '', 'Home', '9|9/9|9/3|3/4|10/4|4/', '待评价', 38, 17, 1, 46);
INSERT INTO `orderdata` VALUES (547, '2021-08-10 17:12:07', 59, '', 'Home', '6|1/6|3/3|4/7|9/', '待付款', 44, 15, 1, 59);
INSERT INTO `orderdata` VALUES (548, '2021-08-10 20:00:04', 13, '', 'Home', '10|8/3|2/9|2/3|1/7|5/4|6/8|8/8|10/8|8/10|5/', '待评价', 94, 3, 1, 13);
INSERT INTO `orderdata` VALUES (549, '2021-08-10 22:01:39', 88, '', 'Home', '5|7/6|2/5|3/5|1/', '待评价', 92, 4, 1, 88);
INSERT INTO `orderdata` VALUES (550, '2021-08-10 00:54:14', 32, '', 'Home', '3|5/6|10/9|3/7|2/', '待付款', 35, 19, 1, 32);
INSERT INTO `orderdata` VALUES (551, '2021-08-11 04:12:13', 28, '', 'Home', '2|1/10|6/6|7/2|3/', '待发货', 33, 19, 1, 28);
INSERT INTO `orderdata` VALUES (552, '2021-08-11 05:44:01', 29, '', 'Home', '3|8/5|8/', '待付款', 79, 7, 1, 29);
INSERT INTO `orderdata` VALUES (553, '2021-08-11 07:16:38', 23, '', 'Home', '4|6/6|2/7|8/3|1/5|10/6|4/9|6/8|3/5|5/1|6/', '待发货', 35, 15, 1, 23);
INSERT INTO `orderdata` VALUES (554, '2021-08-11 10:55:12', 7, '', 'Home', '9|5/3|8/', '待付款', 49, 9, 1, 7);
INSERT INTO `orderdata` VALUES (555, '2021-08-11 12:54:42', 73, '', 'Home', '6|3/9|3/1|4/3|4/3|4/9|4/4|10/5|9/10|7/4|10/', '已取消', 43, 4, 1, 73);
INSERT INTO `orderdata` VALUES (556, '2021-08-11 16:33:31', 98, '', 'Home', '3|7/7|9/3|2/10|9/3|9/4|3/8|4/8|2/', '待发货', 94, 10, 1, 98);
INSERT INTO `orderdata` VALUES (557, '2021-08-11 17:11:12', 19, '', 'Home', '9|7/7|2/', '已完成', 77, 0, 1, 19);
INSERT INTO `orderdata` VALUES (558, '2021-08-11 19:14:17', 32, '', 'Home', '10|7/5|1/1|8/8|2/7|3/7|4/', '已取消', 92, 19, 1, 32);
INSERT INTO `orderdata` VALUES (559, '2021-08-11 21:36:07', 31, '', 'Home', '4|8/10|5/3|9/4|5/6|7/10|1/7|2/9|7/', '待发货', 22, 9, 1, 31);
INSERT INTO `orderdata` VALUES (560, '2021-08-11 02:05:57', 16, '', 'Home', '4|10/3|10/1|7/7|10/1|3/', '待发货', 80, 20, 1, 16);
INSERT INTO `orderdata` VALUES (561, '2021-08-12 02:59:38', 33, '', 'Home', '10|7/3|2/6|8/', '待发货', 100, 19, 1, 33);
INSERT INTO `orderdata` VALUES (562, '2021-08-12 04:55:03', 58, '', 'Home', '4|7/2|4/7|3/', '已取消', 41, 14, 1, 58);
INSERT INTO `orderdata` VALUES (563, '2021-08-12 07:52:12', 19, '', 'Home', '4|10/7|9/2|6/7|10/', '待评价', 39, 12, 1, 19);
INSERT INTO `orderdata` VALUES (564, '2021-08-12 10:02:31', 5, '', 'Home', '5|7/8|5/2|6/10|3/1|2/', '待收货', 25, 1, 1, 5);
INSERT INTO `orderdata` VALUES (565, '2021-08-12 13:22:27', 95, '', 'Home', '8|2/8|5/4|7/3|7/4|6/7|2/8|10/7|6/4|1/2|5/', '待发货', 74, 1, 1, 95);
INSERT INTO `orderdata` VALUES (566, '2021-08-12 14:52:01', 80, '', 'Home', '1|2/5|2/10|1/9|1/3|8/3|1/1|4/', '待评价', 90, 7, 1, 80);
INSERT INTO `orderdata` VALUES (567, '2021-08-12 18:27:17', 55, '', 'Home', '3|6/1|9/9|6/7|1/6|1/4|8/10|7/', '待发货', 51, 6, 1, 55);
INSERT INTO `orderdata` VALUES (568, '2021-08-12 20:55:17', 84, '', 'Home', '2|1/10|9/9|7/9|7/10|10/10|2/', '已取消', 67, 4, 1, 84);
INSERT INTO `orderdata` VALUES (569, '2021-08-12 22:57:20', 6, '', 'Home', '4|7/2|8/1|3/1|3/3|8/3|3/', '已完成', 66, 5, 1, 6);
INSERT INTO `orderdata` VALUES (570, '2021-08-12 00:17:05', 78, '', 'Home', '6|5/2|1/3|2/1|10/4|1/5|3/9|1/3|8/1|7/', '待付款', 50, 0, 1, 78);
INSERT INTO `orderdata` VALUES (571, '2021-08-13 04:17:35', 44, '', 'Home', '10|8/5|8/9|2/', '已完成', 25, 16, 1, 44);
INSERT INTO `orderdata` VALUES (572, '2021-08-13 04:57:52', 29, '', 'Home', '9|7/8|1/5|10/8|8/4|7/3|3/', '待发货', 51, 5, 1, 29);
INSERT INTO `orderdata` VALUES (573, '2021-08-13 09:03:16', 89, '', 'Home', '2|6/1|9/6|10/4|3/4|10/9|6/4|6/3|7/8|3/7|6/', '待发货', 83, 11, 1, 89);
INSERT INTO `orderdata` VALUES (574, '2021-08-13 10:08:29', 15, '', 'Home', '10|3/10|3/5|3/9|9/5|10/', '待发货', 65, 7, 1, 15);
INSERT INTO `orderdata` VALUES (575, '2021-08-13 14:22:57', 87, '', 'Home', '8|6/3|6/5|1/1|9/10|7/7|5/', '待发货', 52, 11, 1, 87);
INSERT INTO `orderdata` VALUES (576, '2021-08-13 16:46:42', 15, '', 'Home', '10|10/10|2/2|3/4|6/1|4/6|7/7|9/5|8/7|1/', '已取消', 93, 17, 1, 15);
INSERT INTO `orderdata` VALUES (577, '2021-08-13 17:52:07', 97, '', 'Home', '10|7/2|6/10|2/', '待评价', 64, 11, 1, 97);
INSERT INTO `orderdata` VALUES (578, '2021-08-13 20:09:33', 87, '', 'Home', '7|8/3|4/6|10/', '待收货', 56, 6, 1, 87);
INSERT INTO `orderdata` VALUES (579, '2021-08-13 23:06:50', 22, '', 'Home', '2|2/10|4/', '待收货', 24, 0, 1, 22);
INSERT INTO `orderdata` VALUES (580, '2021-08-13 00:18:51', 54, '', 'Home', '10|6/4|1/5|2/1|1/1|8/4|10/6|6/10|6/', '待收货', 80, 3, 1, 54);
INSERT INTO `orderdata` VALUES (581, '2021-08-14 03:56:11', 10, '', 'Home', '7|6/', '已完成', 91, 15, 1, 10);
INSERT INTO `orderdata` VALUES (582, '2021-08-14 05:02:22', 6, '', 'Home', '7|1/9|9/10|4/3|2/9|10/8|5/', '待评价', 59, 10, 1, 6);
INSERT INTO `orderdata` VALUES (583, '2021-08-14 09:33:45', 56, '', 'Home', '1|10/9|6/1|2/4|7/', '待收货', 76, 7, 1, 56);
INSERT INTO `orderdata` VALUES (584, '2021-08-14 09:58:05', 56, '', 'Home', '7|8/8|7/2|10/5|8/5|8/', '待付款', 81, 2, 1, 56);
INSERT INTO `orderdata` VALUES (585, '2021-08-14 12:16:14', 51, '', 'Home', '6|3/2|7/9|1/4|7/10|3/9|2/8|1/4|6/', '已取消', 87, 10, 1, 51);
INSERT INTO `orderdata` VALUES (586, '2021-08-14 15:16:31', 62, '', 'Home', '8|5/4|10/5|10/10|5/8|1/5|6/2|8/8|8/', '待收货', 21, 1, 1, 62);
INSERT INTO `orderdata` VALUES (587, '2021-08-14 18:41:11', 45, '', 'Home', '3|2/2|5/7|7/6|5/9|5/2|7/4|2/', '已完成', 22, 15, 1, 45);
INSERT INTO `orderdata` VALUES (588, '2021-08-14 19:49:21', 70, '', 'Home', '4|5/2|3/8|6/8|4/7|1/', '已取消', 85, 9, 1, 70);
INSERT INTO `orderdata` VALUES (589, '2021-08-14 22:19:02', 97, '', 'Home', '10|7/5|4/5|6/8|5/5|8/4|4/', '待付款', 43, 6, 1, 97);
INSERT INTO `orderdata` VALUES (590, '2021-08-14 01:34:38', 82, '', 'Home', '6|7/6|4/2|1/4|9/9|6/7|6/6|9/5|1/5|5/', '已完成', 91, 14, 1, 82);
INSERT INTO `orderdata` VALUES (591, '2021-08-15 03:27:01', 99, '', 'Home', '9|10/5|1/9|4/5|1/7|4/6|8/5|7/5|2/9|9/4|3/', '待评价', 69, 16, 1, 99);
INSERT INTO `orderdata` VALUES (592, '2021-08-15 06:30:10', 5, '', 'Home', '3|6/1|4/7|8/4|8/9|2/', '已取消', 91, 11, 1, 5);
INSERT INTO `orderdata` VALUES (593, '2021-08-15 08:41:08', 70, '', 'Home', '2|6/2|4/1|2/3|2/4|9/', '待评价', 95, 10, 1, 70);
INSERT INTO `orderdata` VALUES (594, '2021-08-15 09:44:22', 40, '', 'Home', '8|3/6|8/9|8/8|8/7|2/1|9/9|6/3|6/8|7/1|6/', '待发货', 68, 3, 1, 40);
INSERT INTO `orderdata` VALUES (595, '2021-08-15 14:05:51', 88, '', 'Home', '7|5/9|7/1|3/1|4/4|10/7|10/6|6/8|10/6|1/1|2/', '已完成', 46, 2, 1, 88);
INSERT INTO `orderdata` VALUES (596, '2021-08-15 16:03:55', 20, '', 'Home', '1|2/1|7/6|10/4|9/9|4/4|8/8|10/8|7/1|1/5|4/', '待收货', 28, 9, 1, 20);
INSERT INTO `orderdata` VALUES (597, '2021-08-15 17:25:12', 33, '', 'Home', '10|6/', '待评价', 60, 2, 1, 33);
INSERT INTO `orderdata` VALUES (598, '2021-08-15 21:20:37', 75, '', 'Home', '3|10/4|7/1|6/7|2/', '待付款', 40, 13, 1, 75);
INSERT INTO `orderdata` VALUES (599, '2021-08-15 22:08:16', 64, '', 'Home', '8|2/3|5/10|5/10|6/6|4/9|10/7|2/', '待评价', 85, 9, 1, 64);
INSERT INTO `orderdata` VALUES (600, '2021-08-15 00:33:40', 73, '', 'Home', '5|9/4|4/3|9/', '待付款', 89, 6, 1, 73);
INSERT INTO `orderdata` VALUES (601, '2021-08-16 02:54:30', 96, '', 'Home', '4|4/10|6/4|3/3|7/8|2/9|10/', '待评价', 28, 4, 1, 96);
INSERT INTO `orderdata` VALUES (602, '2021-08-16 06:02:10', 44, '', 'Home', '1|4/9|3/4|10/3|10/8|1/10|6/8|4/4|2/7|5/2|1/', '待收货', 38, 11, 1, 44);
INSERT INTO `orderdata` VALUES (603, '2021-08-16 08:11:46', 61, '', 'Home', '5|2/8|5/6|9/', '待收货', 59, 6, 1, 61);
INSERT INTO `orderdata` VALUES (604, '2021-08-16 09:36:30', 97, '', 'Home', '5|2/4|10/4|5/7|6/', '待收货', 49, 0, 1, 97);
INSERT INTO `orderdata` VALUES (605, '2021-08-16 12:46:41', 48, '', 'Home', '9|2/2|2/1|7/5|1/10|10/1|6/3|6/', '待评价', 35, 14, 1, 48);
INSERT INTO `orderdata` VALUES (606, '2021-08-16 15:57:43', 90, '', 'Home', '9|1/7|2/', '已完成', 24, 13, 1, 90);
INSERT INTO `orderdata` VALUES (607, '2021-08-16 18:24:37', 85, '', 'Home', '7|7/2|3/5|7/4|7/8|10/', '已取消', 32, 20, 1, 85);
INSERT INTO `orderdata` VALUES (608, '2021-08-16 20:58:03', 95, '', 'Home', '8|7/3|2/', '待发货', 68, 20, 1, 95);
INSERT INTO `orderdata` VALUES (609, '2021-08-16 23:25:50', 8, '', 'Home', '6|3/4|10/8|10/', '待评价', 35, 1, 1, 8);
INSERT INTO `orderdata` VALUES (610, '2021-08-16 01:27:58', 75, '', 'Home', '5|3/', '待发货', 67, 6, 1, 75);
INSERT INTO `orderdata` VALUES (611, '2021-08-17 03:26:28', 44, '', 'Home', '2|3/3|1/2|7/9|2/4|10/10|7/4|7/', '待评价', 79, 2, 1, 44);
INSERT INTO `orderdata` VALUES (612, '2021-08-17 07:00:59', 54, '', 'Home', '2|8/', '已完成', 90, 0, 1, 54);
INSERT INTO `orderdata` VALUES (613, '2021-08-17 07:46:03', 5, '', 'Home', '7|1/8|7/6|1/10|10/8|8/5|7/8|3/10|10/2|3/6|2/', '待发货', 75, 12, 1, 5);
INSERT INTO `orderdata` VALUES (614, '2021-08-17 09:54:17', 79, '', 'Home', '4|6/8|4/9|4/2|2/5|7/7|5/', '待收货', 63, 7, 1, 79);
INSERT INTO `orderdata` VALUES (615, '2021-08-17 14:02:18', 2, '', 'Home', '1|6/9|3/2|10/8|10/6|10/5|2/10|4/5|7/5|3/', '待发货', 50, 5, 1, 2);
INSERT INTO `orderdata` VALUES (616, '2021-08-17 15:38:04', 19, '', 'Home', '8|8/6|1/10|6/7|1/6|4/6|8/1|8/', '待发货', 42, 11, 1, 19);
INSERT INTO `orderdata` VALUES (617, '2021-08-17 18:08:05', 57, '', 'Home', '6|5/4|3/5|9/6|7/8|3/8|6/9|7/4|5/10|7/', '待付款', 26, 14, 1, 57);
INSERT INTO `orderdata` VALUES (618, '2021-08-17 20:38:38', 47, '', 'Home', '2|1/', '待评价', 47, 5, 1, 47);
INSERT INTO `orderdata` VALUES (619, '2021-08-17 22:34:33', 83, '', 'Home', '7|8/6|8/4|1/9|3/3|8/3|10/4|2/', '待付款', 69, 1, 1, 83);
INSERT INTO `orderdata` VALUES (620, '2021-08-17 00:37:52', 41, '', 'Home', '10|4/3|10/7|2/3|8/5|8/6|9/9|4/1|3/', '待发货', 47, 11, 1, 41);
INSERT INTO `orderdata` VALUES (621, '2021-08-18 04:03:07', 95, '', 'Home', '2|9/8|3/4|4/4|6/4|10/', '已取消', 85, 19, 1, 95);
INSERT INTO `orderdata` VALUES (622, '2021-08-18 05:08:22', 93, '', 'Home', '3|9/', '待收货', 61, 8, 1, 93);
INSERT INTO `orderdata` VALUES (623, '2021-08-18 09:06:23', 6, '', 'Home', '9|5/7|10/6|1/', '待收货', 71, 20, 1, 6);
INSERT INTO `orderdata` VALUES (624, '2021-08-18 11:30:29', 95, '', 'Home', '1|9/4|5/4|2/6|8/10|2/9|1/4|4/6|7/2|4/4|10/', '待发货', 48, 5, 1, 95);
INSERT INTO `orderdata` VALUES (625, '2021-08-18 13:22:49', 76, '', 'Home', '6|1/6|1/3|2/8|4/9|5/1|5/8|1/10|4/3|9/3|7/', '已取消', 49, 11, 1, 76);
INSERT INTO `orderdata` VALUES (626, '2021-08-18 16:44:53', 58, '', 'Home', '10|2/2|10/10|10/7|1/6|2/', '已取消', 82, 6, 1, 58);
INSERT INTO `orderdata` VALUES (627, '2021-08-18 17:30:54', 56, '', 'Home', '1|10/7|3/4|6/1|6/6|5/4|1/6|8/', '待付款', 73, 6, 1, 56);
INSERT INTO `orderdata` VALUES (628, '2021-08-18 19:18:40', 7, '', 'Home', '1|6/9|5/7|5/7|9/', '待发货', 81, 8, 1, 7);
INSERT INTO `orderdata` VALUES (629, '2021-08-18 23:59:00', 5, '', 'Home', '2|2/1|6/4|5/7|10/8|1/6|2/2|10/', '已取消', 100, 18, 1, 5);
INSERT INTO `orderdata` VALUES (630, '2021-08-18 02:09:27', 72, '', 'Home', '1|3/7|3/2|5/7|3/1|4/', '待收货', 67, 18, 1, 72);
INSERT INTO `orderdata` VALUES (631, '2021-08-19 02:58:10', 56, '', 'Home', '9|5/10|2/3|1/1|8/2|9/9|5/5|10/9|3/', '待付款', 62, 15, 1, 56);
INSERT INTO `orderdata` VALUES (632, '2021-08-19 06:17:53', 70, '', 'Home', '2|1/10|3/9|1/6|9/2|10/10|10/', '待收货', 59, 18, 1, 70);
INSERT INTO `orderdata` VALUES (633, '2021-08-19 09:03:00', 19, '', 'Home', '1|9/3|7/', '待评价', 86, 12, 1, 19);
INSERT INTO `orderdata` VALUES (634, '2021-08-19 10:17:04', 11, '', 'Home', '1|3/6|9/7|5/3|4/1|8/1|4/4|9/3|10/1|2/', '待收货', 84, 19, 1, 11);
INSERT INTO `orderdata` VALUES (635, '2021-08-19 12:25:09', 41, '', 'Home', '2|1/10|1/9|7/', '已完成', 32, 0, 1, 41);
INSERT INTO `orderdata` VALUES (636, '2021-08-19 15:33:33', 16, '', 'Home', '7|3/3|5/7|3/3|5/6|9/7|10/', '待收货', 90, 19, 1, 16);
INSERT INTO `orderdata` VALUES (637, '2021-08-19 18:41:15', 97, '', 'Home', '1|1/6|5/3|7/7|7/8|8/9|1/', '待评价', 79, 17, 1, 97);
INSERT INTO `orderdata` VALUES (638, '2021-08-19 20:44:21', 8, '', 'Home', '8|10/7|7/9|6/5|1/6|9/7|6/7|7/1|10/8|1/', '待收货', 50, 4, 1, 8);
INSERT INTO `orderdata` VALUES (639, '2021-08-19 21:43:33', 91, '', 'Home', '2|7/9|7/2|4/6|2/', '已取消', 23, 2, 1, 91);
INSERT INTO `orderdata` VALUES (640, '2021-08-19 00:08:35', 96, '', 'Home', '6|2/5|2/2|1/3|5/9|10/1|9/', '待收货', 25, 16, 1, 96);
INSERT INTO `orderdata` VALUES (641, '2021-08-20 02:56:01', 73, '', 'Home', '1|5/10|7/7|7/7|4/10|3/8|3/2|4/', '已取消', 40, 18, 1, 73);
INSERT INTO `orderdata` VALUES (642, '2021-08-20 04:58:29', 27, '', 'Home', '8|10/9|3/8|4/9|9/8|2/3|6/6|8/', '待付款', 91, 6, 1, 27);
INSERT INTO `orderdata` VALUES (643, '2021-08-20 07:28:08', 87, '', 'Home', '1|10/', '待收货', 25, 11, 1, 87);
INSERT INTO `orderdata` VALUES (644, '2021-08-20 09:51:42', 32, '', 'Home', '2|2/6|4/2|3/6|3/2|4/8|8/3|8/2|2/', '待收货', 67, 15, 1, 32);
INSERT INTO `orderdata` VALUES (645, '2021-08-20 12:23:40', 54, '', 'Home', '6|1/6|9/6|8/1|3/3|3/', '已取消', 73, 3, 1, 54);
INSERT INTO `orderdata` VALUES (646, '2021-08-20 16:41:22', 31, '', 'Home', '10|6/1|10/6|10/3|2/2|6/10|9/6|8/', '已取消', 64, 14, 1, 31);
INSERT INTO `orderdata` VALUES (647, '2021-08-20 18:33:01', 59, '', 'Home', '1|7/4|9/5|1/6|4/', '待评价', 31, 12, 1, 59);
INSERT INTO `orderdata` VALUES (648, '2021-08-20 19:56:58', 56, '', 'Home', '8|4/7|10/5|2/3|1/4|8/6|6/', '已取消', 83, 2, 1, 56);
INSERT INTO `orderdata` VALUES (649, '2021-08-20 23:24:42', 23, '', 'Home', '9|4/9|9/1|5/8|2/5|6/5|5/6|4/9|4/10|8/2|9/', '待收货', 38, 18, 1, 23);
INSERT INTO `orderdata` VALUES (650, '2021-08-20 02:22:56', 18, '', 'Home', '3|2/6|2/', '待付款', 68, 9, 1, 18);
INSERT INTO `orderdata` VALUES (651, '2021-08-21 02:57:12', 84, '', 'Home', '1|7/', '待收货', 39, 5, 1, 84);
INSERT INTO `orderdata` VALUES (652, '2021-08-21 05:27:08', 17, '', 'Home', '3|7/6|5/1|7/', '已完成', 78, 2, 1, 17);
INSERT INTO `orderdata` VALUES (653, '2021-08-21 09:04:12', 1, '', 'Home', '3|6/3|2/5|1/3|6/6|9/9|3/', '待评价', 81, 3, 1, 1);
INSERT INTO `orderdata` VALUES (654, '2021-08-21 11:19:06', 85, '', 'Home', '4|8/4|9/2|2/7|7/7|10/9|8/3|8/', '待发货', 55, 18, 1, 85);
INSERT INTO `orderdata` VALUES (655, '2021-08-21 12:55:34', 13, '', 'Home', '5|6/2|1/4|6/2|10/4|8/', '待发货', 58, 12, 1, 13);
INSERT INTO `orderdata` VALUES (656, '2021-08-21 15:46:11', 56, '', 'Home', '3|6/5|6/2|1/7|6/', '待收货', 51, 15, 1, 56);
INSERT INTO `orderdata` VALUES (657, '2021-08-21 18:11:25', 78, '', 'Home', '4|5/9|7/9|10/', '待评价', 30, 19, 1, 78);
INSERT INTO `orderdata` VALUES (658, '2021-08-21 21:33:15', 28, '', 'Home', '1|3/6|3/5|6/2|1/1|1/5|9/4|4/', '待收货', 36, 17, 1, 28);
INSERT INTO `orderdata` VALUES (659, '2021-08-21 22:17:13', 98, '', 'Home', '7|4/', '待付款', 85, 2, 1, 98);
INSERT INTO `orderdata` VALUES (660, '2021-08-21 02:17:13', 93, '', 'Home', '10|9/9|3/5|2/4|6/1|6/', '已取消', 53, 13, 1, 93);
INSERT INTO `orderdata` VALUES (661, '2021-08-22 02:59:04', 6, '', 'Home', '8|5/9|4/9|1/7|8/3|8/9|1/1|3/5|8/10|8/9|1/', '待付款', 94, 14, 1, 6);
INSERT INTO `orderdata` VALUES (662, '2021-08-22 07:07:37', 19, '', 'Home', '1|9/5|6/2|4/1|9/3|2/6|4/5|8/3|8/10|3/9|6/', '待发货', 75, 5, 1, 19);
INSERT INTO `orderdata` VALUES (663, '2021-08-22 09:13:56', 77, '', 'Home', '8|8/3|3/3|3/8|7/6|3/10|3/', '已完成', 58, 8, 1, 77);
INSERT INTO `orderdata` VALUES (664, '2021-08-22 10:53:02', 52, '', 'Home', '5|3/9|6/', '待发货', 22, 3, 1, 52);
INSERT INTO `orderdata` VALUES (665, '2021-08-22 12:22:59', 4, '', 'Home', '1|10/9|1/8|9/7|6/10|3/3|1/1|6/10|2/1|2/', '待付款', 74, 4, 1, 4);
INSERT INTO `orderdata` VALUES (666, '2021-08-22 15:13:22', 29, '', 'Home', '10|4/', '已取消', 52, 2, 1, 29);
INSERT INTO `orderdata` VALUES (667, '2021-08-22 18:42:24', 50, '', 'Home', '4|5/9|4/', '待发货', 83, 13, 1, 50);
INSERT INTO `orderdata` VALUES (668, '2021-08-22 19:41:17', 42, '', 'Home', '7|4/6|9/6|1/4|3/6|5/10|8/2|1/3|9/', '待发货', 32, 11, 1, 42);
INSERT INTO `orderdata` VALUES (669, '2021-08-22 22:08:39', 25, '', 'Home', '9|7/5|4/2|5/8|9/', '已取消', 34, 14, 1, 25);
INSERT INTO `orderdata` VALUES (670, '2021-08-22 00:22:00', 34, '', 'Home', '7|10/3|6/6|8/3|9/2|8/', '待评价', 26, 4, 1, 34);
INSERT INTO `orderdata` VALUES (671, '2021-08-23 03:43:11', 17, '', 'Home', '9|4/2|1/10|8/4|9/7|6/5|2/4|6/1|2/5|5/', '待评价', 41, 9, 1, 17);
INSERT INTO `orderdata` VALUES (672, '2021-08-23 05:31:25', 42, '', 'Home', '5|9/7|4/7|6/2|9/', '待收货', 82, 14, 1, 42);
INSERT INTO `orderdata` VALUES (673, '2021-08-23 08:56:14', 37, '', 'Home', '2|6/4|4/9|10/6|3/10|1/6|3/10|5/9|7/', '待收货', 23, 1, 1, 37);
INSERT INTO `orderdata` VALUES (674, '2021-08-23 11:33:06', 44, '', 'Home', '10|1/1|7/', '待发货', 63, 9, 1, 44);
INSERT INTO `orderdata` VALUES (675, '2021-08-23 13:25:51', 37, '', 'Home', '1|5/1|10/8|8/1|4/4|1/6|5/6|9/4|6/6|8/', '待发货', 94, 1, 1, 37);
INSERT INTO `orderdata` VALUES (676, '2021-08-23 15:24:55', 73, '', 'Home', '4|1/2|1/1|4/6|7/3|4/4|6/4|4/', '已完成', 36, 0, 1, 73);
INSERT INTO `orderdata` VALUES (677, '2021-08-23 17:38:25', 17, '', 'Home', '3|2/8|5/7|7/10|2/4|6/', '待评价', 69, 18, 1, 17);
INSERT INTO `orderdata` VALUES (678, '2021-08-23 21:19:38', 40, '', 'Home', '8|1/8|2/6|3/3|6/7|3/10|3/3|10/6|7/2|10/', '已取消', 79, 6, 1, 40);
INSERT INTO `orderdata` VALUES (679, '2021-08-23 22:15:11', 99, '', 'Home', '3|8/', '待收货', 97, 11, 1, 99);
INSERT INTO `orderdata` VALUES (680, '2021-08-23 01:51:27', 5, '', 'Home', '3|10/8|5/6|10/10|2/', '待发货', 81, 11, 1, 5);
INSERT INTO `orderdata` VALUES (681, '2021-08-24 04:46:32', 1, '', 'Home', '2|6/10|8/10|4/', '待付款', 33, 3, 1, 1);
INSERT INTO `orderdata` VALUES (682, '2021-08-24 05:50:11', 39, '', 'Home', '4|6/7|10/4|3/3|1/', '待付款', 88, 15, 1, 39);
INSERT INTO `orderdata` VALUES (683, '2021-08-24 07:16:26', 6, '', 'Home', '8|10/7|6/4|9/1|6/8|2/6|3/7|4/2|9/5|9/', '待发货', 95, 18, 1, 6);
INSERT INTO `orderdata` VALUES (684, '2021-08-24 10:47:10', 35, '', 'Home', '4|6/7|4/9|2/4|6/', '待收货', 85, 17, 1, 35);
INSERT INTO `orderdata` VALUES (685, '2021-08-24 14:10:03', 15, '', 'Home', '7|7/8|7/10|5/3|4/6|1/9|2/2|6/', '待评价', 68, 13, 1, 15);
INSERT INTO `orderdata` VALUES (686, '2021-08-24 16:00:58', 91, '', 'Home', '2|1/8|4/', '待收货', 98, 15, 1, 91);
INSERT INTO `orderdata` VALUES (687, '2021-08-24 18:34:26', 45, '', 'Home', '9|4/9|1/9|2/2|9/9|2/1|2/', '待付款', 68, 5, 1, 45);
INSERT INTO `orderdata` VALUES (688, '2021-08-24 21:13:39', 15, '', 'Home', '10|3/8|1/3|4/4|4/3|1/6|9/1|4/', '待发货', 30, 1, 1, 15);
INSERT INTO `orderdata` VALUES (689, '2021-08-24 21:42:05', 15, '', 'Home', '7|3/4|6/1|2/6|5/5|1/4|8/1|2/', '待评价', 41, 16, 1, 15);
INSERT INTO `orderdata` VALUES (690, '2021-08-24 00:49:09', 15, '', 'Home', '1|1/7|8/2|1/1|9/1|10/5|2/5|5/3|6/1|2/', '已完成', 47, 17, 1, 15);
INSERT INTO `orderdata` VALUES (691, '2021-08-25 03:04:05', 53, '', 'Home', '9|5/9|10/2|8/2|2/1|1/2|1/3|4/7|5/9|9/', '已完成', 90, 7, 1, 53);
INSERT INTO `orderdata` VALUES (692, '2021-08-25 06:25:39', 80, '', 'Home', '9|5/8|8/10|5/7|7/4|1/6|2/', '已取消', 29, 5, 1, 80);
INSERT INTO `orderdata` VALUES (693, '2021-08-25 07:24:08', 65, '', 'Home', '8|3/10|1/10|1/7|7/6|9/8|10/10|5/1|1/', '已取消', 39, 0, 1, 65);
INSERT INTO `orderdata` VALUES (694, '2021-08-25 11:42:08', 90, '', 'Home', '4|2/2|5/2|4/', '待收货', 51, 4, 1, 90);
INSERT INTO `orderdata` VALUES (695, '2021-08-25 14:03:46', 69, '', 'Home', '2|10/7|8/4|1/8|4/9|9/9|8/10|4/5|4/', '待付款', 38, 11, 1, 69);
INSERT INTO `orderdata` VALUES (696, '2021-08-25 15:27:10', 99, '', 'Home', '9|3/7|10/5|3/', '已完成', 99, 8, 1, 99);
INSERT INTO `orderdata` VALUES (697, '2021-08-25 17:12:34', 4, '', 'Home', '5|7/7|10/7|7/', '已完成', 99, 12, 1, 4);
INSERT INTO `orderdata` VALUES (698, '2021-08-25 20:10:29', 25, '', 'Home', '2|8/9|10/6|4/7|2/5|2/2|7/1|4/', '待评价', 68, 19, 1, 25);
INSERT INTO `orderdata` VALUES (699, '2021-08-25 23:32:42', 11, '', 'Home', '7|2/9|5/8|5/5|7/9|8/4|6/6|4/', '待付款', 52, 11, 1, 11);
INSERT INTO `orderdata` VALUES (700, '2021-08-25 00:05:34', 82, '', 'Home', '2|8/6|5/', '待评价', 52, 1, 1, 82);
INSERT INTO `orderdata` VALUES (701, '2021-08-26 02:24:54', 23, '', 'Home', '2|6/', '待收货', 71, 8, 1, 23);
INSERT INTO `orderdata` VALUES (702, '2021-08-26 06:14:29', 66, '', 'Home', '7|8/9|6/6|5/8|4/9|6/1|7/7|9/6|8/1|2/', '已取消', 49, 10, 1, 66);
INSERT INTO `orderdata` VALUES (703, '2021-08-26 08:12:12', 68, '', 'Home', '5|3/4|1/8|9/1|2/3|1/9|1/1|10/2|8/8|7/', '待发货', 100, 11, 1, 68);
INSERT INTO `orderdata` VALUES (704, '2021-08-26 10:13:54', 98, '', 'Home', '10|2/4|4/4|1/8|6/4|10/3|7/7|9/8|4/', '已完成', 23, 12, 1, 98);
INSERT INTO `orderdata` VALUES (705, '2021-08-26 14:19:51', 98, '', 'Home', '3|6/1|7/5|6/2|6/6|3/7|2/2|4/', '已取消', 56, 7, 1, 98);
INSERT INTO `orderdata` VALUES (706, '2021-08-26 16:04:00', 28, '', 'Home', '3|6/10|4/1|8/4|10/2|4/1|9/', '待付款', 24, 17, 1, 28);
INSERT INTO `orderdata` VALUES (707, '2021-08-26 18:12:53', 5, '', 'Home', '7|2/7|7/', '待评价', 81, 12, 1, 5);
INSERT INTO `orderdata` VALUES (708, '2021-08-26 20:53:25', 86, '', 'Home', '8|5/9|3/9|3/2|7/3|2/', '待评价', 67, 6, 1, 86);
INSERT INTO `orderdata` VALUES (709, '2021-08-26 22:04:21', 37, '', 'Home', '8|1/6|3/', '待评价', 93, 18, 1, 37);
INSERT INTO `orderdata` VALUES (710, '2021-08-26 00:35:47', 59, '', 'Home', '3|9/', '已取消', 54, 12, 1, 59);
INSERT INTO `orderdata` VALUES (711, '2021-08-27 02:58:36', 75, '', 'Home', '4|7/1|8/5|3/10|4/6|6/5|1/1|9/', '已取消', 63, 2, 1, 75);
INSERT INTO `orderdata` VALUES (712, '2021-08-27 05:16:15', 67, '', 'Home', '9|1/', '待发货', 43, 16, 1, 67);
INSERT INTO `orderdata` VALUES (713, '2021-08-27 08:58:52', 44, '', 'Home', '6|1/1|9/10|8/6|6/', '待评价', 84, 5, 1, 44);
INSERT INTO `orderdata` VALUES (714, '2021-08-27 10:05:04', 51, '', 'Home', '5|9/7|1/5|3/3|7/1|7/8|10/3|4/2|6/8|7/2|6/', '待发货', 20, 11, 1, 51);
INSERT INTO `orderdata` VALUES (715, '2021-08-27 12:50:17', 54, '', 'Home', '10|7/9|3/9|7/7|7/8|8/10|4/10|7/10|4/2|1/', '已取消', 99, 10, 1, 54);
INSERT INTO `orderdata` VALUES (716, '2021-08-27 15:17:46', 41, '', 'Home', '6|4/4|10/3|8/3|3/3|4/9|1/7|6/6|8/', '已取消', 73, 17, 1, 41);
INSERT INTO `orderdata` VALUES (717, '2021-08-27 17:20:21', 61, '', 'Home', '8|4/9|2/3|4/3|10/', '待评价', 49, 18, 1, 61);
INSERT INTO `orderdata` VALUES (718, '2021-08-27 19:41:38', 81, '', 'Home', '8|2/4|1/8|7/', '待评价', 78, 15, 1, 81);
INSERT INTO `orderdata` VALUES (719, '2021-08-27 21:43:48', 10, '', 'Home', '3|8/', '已完成', 100, 9, 1, 10);
INSERT INTO `orderdata` VALUES (720, '2021-08-27 01:35:12', 23, '', 'Home', '8|5/5|1/8|8/5|6/9|8/6|2/2|8/9|3/', '已取消', 56, 14, 1, 23);
INSERT INTO `orderdata` VALUES (721, '2021-08-28 02:27:53', 36, '', 'Home', '5|7/6|1/10|2/8|9/8|6/8|5/7|5/2|1/', '待付款', 62, 1, 1, 36);
INSERT INTO `orderdata` VALUES (722, '2021-08-28 05:15:36', 21, '', 'Home', '8|7/10|7/6|7/9|4/3|10/10|1/7|6/9|7/4|4/4|3/', '待收货', 53, 15, 1, 21);
INSERT INTO `orderdata` VALUES (723, '2021-08-28 09:06:00', 24, '', 'Home', '3|1/7|5/1|7/10|4/4|8/1|9/10|9/10|5/10|4/', '待评价', 24, 3, 1, 24);
INSERT INTO `orderdata` VALUES (724, '2021-08-28 11:12:57', 27, '', 'Home', '8|3/3|3/9|3/8|6/2|4/5|10/7|7/', '待评价', 73, 14, 1, 27);
INSERT INTO `orderdata` VALUES (725, '2021-08-28 13:45:27', 56, '', 'Home', '5|7/10|6/', '待评价', 38, 9, 1, 56);
INSERT INTO `orderdata` VALUES (726, '2021-08-28 15:18:19', 74, '', 'Home', '6|2/3|3/5|9/9|3/2|8/8|7/10|2/9|9/8|7/', '待收货', 97, 17, 1, 74);
INSERT INTO `orderdata` VALUES (727, '2021-08-28 18:05:27', 61, '', 'Home', '5|5/8|4/6|4/', '待收货', 77, 16, 1, 61);
INSERT INTO `orderdata` VALUES (728, '2021-08-28 21:26:48', 71, '', 'Home', '6|7/8|2/2|2/8|6/5|7/2|6/4|8/2|2/8|6/6|5/', '待评价', 34, 3, 1, 71);
INSERT INTO `orderdata` VALUES (729, '2021-08-28 21:58:03', 28, '', 'Home', '8|2/5|6/4|2/', '待付款', 27, 15, 1, 28);
INSERT INTO `orderdata` VALUES (730, '2021-08-28 01:46:38', 5, '', 'Home', '5|10/2|4/2|5/10|1/10|9/9|9/2|5/10|3/8|3/', '已取消', 23, 5, 1, 5);
INSERT INTO `orderdata` VALUES (731, '2021-08-29 02:28:12', 25, '', 'Home', '10|8/10|2/2|3/8|6/', '已完成', 45, 8, 1, 25);
INSERT INTO `orderdata` VALUES (732, '2021-08-29 06:07:27', 23, '', 'Home', '9|9/3|8/', '已取消', 87, 5, 1, 23);
INSERT INTO `orderdata` VALUES (733, '2021-08-29 08:33:02', 20, '', 'Home', '4|1/', '已完成', 73, 9, 1, 20);
INSERT INTO `orderdata` VALUES (734, '2021-08-29 09:54:56', 23, '', 'Home', '8|3/9|10/4|9/8|4/', '待付款', 27, 3, 1, 23);
INSERT INTO `orderdata` VALUES (735, '2021-08-29 13:46:09', 38, '', 'Home', '9|10/6|6/5|9/9|1/6|1/1|7/8|3/10|10/7|4/10|1/', '待评价', 52, 6, 1, 38);
INSERT INTO `orderdata` VALUES (736, '2021-08-29 16:32:57', 47, '', 'Home', '7|3/8|3/3|9/10|3/', '待付款', 26, 14, 1, 47);
INSERT INTO `orderdata` VALUES (737, '2021-08-29 18:45:41', 71, '', 'Home', '1|10/5|1/6|2/6|7/6|10/8|7/10|5/', '待收货', 99, 2, 1, 71);
INSERT INTO `orderdata` VALUES (738, '2021-08-29 21:35:18', 86, '', 'Home', '9|10/10|10/8|4/', '待发货', 80, 14, 1, 86);
INSERT INTO `orderdata` VALUES (739, '2021-08-29 23:59:46', 69, '', 'Home', '1|2/4|8/4|1/7|5/', '待收货', 100, 5, 1, 69);
INSERT INTO `orderdata` VALUES (740, '2021-08-29 01:25:10', 31, '', 'Home', '10|6/10|2/5|6/7|1/10|2/', '已完成', 24, 17, 1, 31);
INSERT INTO `orderdata` VALUES (741, '2021-08-30 03:26:07', 51, '', 'Home', '4|6/4|2/9|4/9|4/10|9/10|8/3|7/9|1/6|7/2|3/', '已取消', 93, 15, 1, 51);
INSERT INTO `orderdata` VALUES (742, '2021-08-30 05:36:52', 70, '', 'Home', '5|1/8|6/1|5/6|3/', '待评价', 78, 12, 1, 70);
INSERT INTO `orderdata` VALUES (743, '2021-08-30 08:17:49', 43, '', 'Home', '7|1/9|1/', '已取消', 31, 16, 1, 43);
INSERT INTO `orderdata` VALUES (744, '2021-08-30 10:04:08', 32, '', 'Home', '2|6/', '待发货', 39, 3, 1, 32);
INSERT INTO `orderdata` VALUES (745, '2021-08-30 14:00:07', 36, '', 'Home', '1|7/5|5/5|7/2|9/1|5/2|5/1|10/4|5/', '待评价', 67, 20, 1, 36);
INSERT INTO `orderdata` VALUES (746, '2021-08-30 16:34:40', 2, '', 'Home', '1|8/8|4/10|8/3|6/9|1/6|3/2|4/', '已完成', 45, 8, 1, 2);
INSERT INTO `orderdata` VALUES (747, '2021-08-30 18:30:44', 11, '', 'Home', '9|8/3|2/3|1/3|8/10|3/1|1/7|2/5|7/9|5/5|9/', '待发货', 50, 11, 1, 11);
INSERT INTO `orderdata` VALUES (748, '2021-08-30 20:28:38', 1, '', 'Home', '2|10/5|6/8|10/9|5/3|4/9|1/', '已完成', 27, 6, 1, 1);
INSERT INTO `orderdata` VALUES (749, '2021-08-30 22:29:22', 56, '', 'Home', '7|9/4|5/6|2/4|5/2|8/7|7/', '已完成', 93, 19, 1, 56);
INSERT INTO `orderdata` VALUES (750, '2021-08-30 00:27:27', 96, '', 'Home', '7|4/9|6/10|10/10|3/3|3/3|2/', '已取消', 79, 11, 1, 96);
INSERT INTO `orderdata` VALUES (751, '2021-08-01 02:46:07', 14, '', 'Home', '4|8/7|7/3|9/5|7/10|6/', '待付款', 30, 7, 1, 14);
INSERT INTO `orderdata` VALUES (752, '2021-08-01 06:34:12', 49, '', 'Home', '2|9/7|3/9|3/2|8/', '待发货', 74, 2, 1, 49);
INSERT INTO `orderdata` VALUES (753, '2021-08-01 07:41:35', 35, '', 'Home', '9|3/9|9/6|6/10|5/3|2/6|4/3|1/5|3/', '待付款', 68, 4, 1, 35);
INSERT INTO `orderdata` VALUES (754, '2021-08-01 10:02:38', 68, '', 'Home', '1|9/5|6/4|9/', '待评价', 87, 10, 1, 68);
INSERT INTO `orderdata` VALUES (755, '2021-08-01 13:16:24', 65, '', 'Home', '7|4/6|9/5|1/9|6/10|2/4|1/8|5/10|1/8|9/7|7/', '已完成', 46, 20, 1, 65);
INSERT INTO `orderdata` VALUES (756, '2021-08-01 16:27:37', 95, '', 'Home', '1|5/5|9/8|4/1|4/10|5/', '待收货', 87, 5, 1, 95);
INSERT INTO `orderdata` VALUES (757, '2021-08-01 18:38:48', 77, '', 'Home', '5|10/9|8/5|9/9|10/2|3/', '待收货', 57, 10, 1, 77);
INSERT INTO `orderdata` VALUES (758, '2021-08-01 19:56:13', 2, '', 'Home', '9|5/9|3/2|2/9|9/10|10/8|3/7|3/', '已取消', 36, 6, 1, 2);
INSERT INTO `orderdata` VALUES (759, '2021-08-01 22:03:20', 44, '', 'Home', '8|2/6|5/3|2/', '待收货', 96, 10, 1, 44);
INSERT INTO `orderdata` VALUES (760, '2021-08-01 01:49:42', 44, '', 'Home', '10|9/7|4/10|7/10|6/6|9/2|6/1|7/', '待评价', 70, 8, 1, 44);
INSERT INTO `orderdata` VALUES (761, '2021-08-02 02:38:09', 65, '', 'Home', '3|8/6|1/6|8/4|7/1|8/9|10/3|4/4|10/', '待发货', 57, 12, 1, 65);
INSERT INTO `orderdata` VALUES (762, '2021-08-02 05:28:30', 3, '', 'Home', '8|8/9|3/8|9/3|1/', '待付款', 64, 12, 1, 3);
INSERT INTO `orderdata` VALUES (763, '2021-08-02 09:10:01', 51, '', 'Home', '2|7/3|3/1|9/4|3/1|3/7|6/', '已完成', 26, 4, 1, 51);
INSERT INTO `orderdata` VALUES (764, '2021-08-02 10:11:43', 12, '', 'Home', '5|4/3|6/9|6/4|4/3|5/6|5/1|2/6|5/1|8/2|8/', '待收货', 60, 15, 1, 12);
INSERT INTO `orderdata` VALUES (765, '2021-08-02 12:31:28', 83, '', 'Home', '3|8/2|9/10|8/6|3/2|7/', '待发货', 53, 1, 1, 83);
INSERT INTO `orderdata` VALUES (766, '2021-08-02 14:30:37', 81, '', 'Home', '9|1/', '已完成', 90, 7, 1, 81);
INSERT INTO `orderdata` VALUES (767, '2021-08-02 18:46:42', 8, '', 'Home', '6|10/', '已取消', 66, 17, 1, 8);
INSERT INTO `orderdata` VALUES (768, '2021-08-02 19:50:32', 29, '', 'Home', '5|7/1|6/3|9/2|4/9|4/10|2/6|3/', '待评价', 36, 7, 1, 29);
INSERT INTO `orderdata` VALUES (769, '2021-08-02 23:30:49', 78, '', 'Home', '5|1/', '已取消', 86, 4, 1, 78);
INSERT INTO `orderdata` VALUES (770, '2021-08-02 01:34:42', 57, '', 'Home', '10|6/10|2/3|4/9|6/', '待发货', 63, 18, 1, 57);
INSERT INTO `orderdata` VALUES (771, '2021-08-03 03:18:12', 60, '', 'Home', '7|2/8|7/10|5/10|9/1|1/', '待收货', 77, 11, 1, 60);
INSERT INTO `orderdata` VALUES (772, '2021-08-03 06:00:59', 6, '', 'Home', '10|1/9|8/1|9/4|8/3|5/7|2/2|1/10|2/9|6/', '待评价', 43, 7, 1, 6);
INSERT INTO `orderdata` VALUES (773, '2021-08-03 09:27:49', 20, '', 'Home', '1|7/2|4/2|6/3|7/8|1/', '待发货', 79, 8, 1, 20);
INSERT INTO `orderdata` VALUES (774, '2021-08-03 11:37:51', 38, '', 'Home', '2|1/9|1/4|6/2|10/7|9/9|8/4|10/2|1/', '已取消', 32, 9, 1, 38);
INSERT INTO `orderdata` VALUES (775, '2021-08-03 12:45:47', 11, '', 'Home', '8|6/5|10/5|5/10|8/10|9/10|5/9|2/', '已取消', 53, 11, 1, 11);
INSERT INTO `orderdata` VALUES (776, '2021-08-03 14:35:25', 9, '', 'Home', '1|3/', '待评价', 70, 1, 1, 9);
INSERT INTO `orderdata` VALUES (777, '2021-08-03 18:25:38', 29, '', 'Home', '4|3/10|1/6|4/7|2/7|6/1|5/9|2/4|3/1|7/', '待发货', 63, 8, 1, 29);
INSERT INTO `orderdata` VALUES (778, '2021-08-03 20:46:29', 17, '', 'Home', '10|1/9|6/6|2/8|3/10|7/5|5/', '待发货', 91, 10, 1, 17);
INSERT INTO `orderdata` VALUES (779, '2021-08-03 23:50:46', 46, '', 'Home', '6|5/10|3/5|1/', '已完成', 31, 13, 1, 46);
INSERT INTO `orderdata` VALUES (780, '2021-08-03 02:00:58', 84, '', 'Home', '8|9/', '待发货', 28, 18, 1, 84);
INSERT INTO `orderdata` VALUES (781, '2021-08-04 04:23:32', 66, '', 'Home', '9|8/4|5/8|2/3|3/9|4/6|5/', '待发货', 54, 4, 1, 66);
INSERT INTO `orderdata` VALUES (782, '2021-08-04 06:13:30', 72, '', 'Home', '1|3/3|1/6|4/6|8/', '待付款', 39, 10, 1, 72);
INSERT INTO `orderdata` VALUES (783, '2021-08-04 08:26:38', 93, '', 'Home', '4|8/2|10/5|10/4|7/1|5/9|7/2|7/', '待收货', 94, 0, 1, 93);
INSERT INTO `orderdata` VALUES (784, '2021-08-04 10:19:54', 87, '', 'Home', '5|1/5|4/7|10/7|7/4|6/4|2/1|2/6|4/4|10/3|8/', '已完成', 89, 11, 1, 87);
INSERT INTO `orderdata` VALUES (785, '2021-08-04 13:07:46', 47, '', 'Home', '1|10/7|9/10|1/2|10/', '待付款', 75, 12, 1, 47);
INSERT INTO `orderdata` VALUES (786, '2021-08-04 16:18:20', 7, '', 'Home', '9|6/', '待发货', 31, 4, 1, 7);
INSERT INTO `orderdata` VALUES (787, '2021-08-04 18:49:29', 96, '', 'Home', '9|6/4|2/3|10/9|4/6|3/2|8/7|9/6|9/10|6/5|9/', '待发货', 80, 20, 1, 96);
INSERT INTO `orderdata` VALUES (788, '2021-08-04 19:50:05', 25, '', 'Home', '5|6/6|6/', '已完成', 100, 17, 1, 25);
INSERT INTO `orderdata` VALUES (789, '2021-08-04 23:53:23', 8, '', 'Home', '1|7/7|5/1|5/8|7/6|8/9|8/8|9/2|8/4|2/', '待收货', 50, 16, 1, 8);
INSERT INTO `orderdata` VALUES (790, '2021-08-04 01:40:11', 52, '', 'Home', '2|7/7|5/5|8/5|10/4|6/6|6/', '已取消', 37, 2, 1, 52);
INSERT INTO `orderdata` VALUES (791, '2021-08-05 03:10:04', 41, '', 'Home', '6|6/5|7/2|4/9|6/8|8/10|7/9|2/9|1/10|4/4|9/', '待付款', 82, 6, 1, 41);
INSERT INTO `orderdata` VALUES (792, '2021-08-05 04:57:58', 85, '', 'Home', '3|3/10|5/1|3/5|1/4|1/9|5/', '待收货', 46, 2, 1, 85);
INSERT INTO `orderdata` VALUES (793, '2021-08-05 09:07:30', 59, '', 'Home', '8|7/2|2/2|1/1|9/5|2/5|10/8|10/2|6/', '已完成', 48, 18, 1, 59);
INSERT INTO `orderdata` VALUES (794, '2021-08-05 11:22:24', 16, '', 'Home', '2|1/4|8/', '已完成', 60, 15, 1, 16);
INSERT INTO `orderdata` VALUES (795, '2021-08-05 12:21:23', 48, '', 'Home', '9|6/5|9/4|5/10|3/10|9/9|4/5|10/1|5/4|9/2|7/', '待发货', 80, 13, 1, 48);
INSERT INTO `orderdata` VALUES (796, '2021-08-05 15:58:56', 40, '', 'Home', '3|10/', '已完成', 77, 17, 1, 40);
INSERT INTO `orderdata` VALUES (797, '2021-08-05 17:37:49', 51, '', 'Home', '10|1/7|2/9|2/', '已取消', 76, 13, 1, 51);
INSERT INTO `orderdata` VALUES (798, '2021-08-05 20:40:04', 51, '', 'Home', '9|3/', '待收货', 23, 7, 1, 51);
INSERT INTO `orderdata` VALUES (799, '2021-08-05 23:31:34', 86, '', 'Home', '10|1/10|7/10|9/6|7/10|9/8|2/3|6/2|6/9|3/', '待发货', 88, 8, 1, 86);
INSERT INTO `orderdata` VALUES (800, '2021-08-05 00:54:55', 75, '', 'Home', '4|1/3|10/5|7/4|1/6|9/6|3/6|4/2|3/', '待发货', 85, 14, 1, 75);
INSERT INTO `orderdata` VALUES (801, '2021-08-06 04:47:12', 54, '', 'Home', '7|7/2|6/4|9/2|1/8|5/8|10/', '待发货', 74, 13, 1, 54);
INSERT INTO `orderdata` VALUES (802, '2021-08-06 05:45:08', 28, '', 'Home', '8|9/8|10/3|2/7|5/9|2/7|8/1|5/10|6/', '已取消', 42, 7, 1, 28);
INSERT INTO `orderdata` VALUES (803, '2021-08-06 08:01:56', 61, '', 'Home', '1|6/', '待发货', 90, 13, 1, 61);
INSERT INTO `orderdata` VALUES (804, '2021-08-06 09:57:40', 47, '', 'Home', '1|1/3|5/3|4/4|3/9|7/7|6/9|7/2|10/7|6/', '待付款', 29, 4, 1, 47);
INSERT INTO `orderdata` VALUES (805, '2021-08-06 12:25:18', 41, '', 'Home', '9|7/6|4/9|3/', '待发货', 49, 5, 1, 41);
INSERT INTO `orderdata` VALUES (806, '2021-08-06 15:31:09', 92, '', 'Home', '3|3/6|3/10|5/', '待付款', 49, 19, 1, 92);
INSERT INTO `orderdata` VALUES (807, '2021-08-06 17:48:00', 38, '', 'Home', '4|2/10|6/3|2/5|10/5|5/8|6/', '待付款', 54, 10, 1, 38);
INSERT INTO `orderdata` VALUES (808, '2021-08-06 20:22:48', 6, '', 'Home', '7|3/9|5/2|7/8|7/', '已取消', 58, 3, 1, 6);
INSERT INTO `orderdata` VALUES (809, '2021-08-06 22:18:56', 74, '', 'Home', '8|5/4|9/10|5/1|5/', '待评价', 28, 4, 1, 74);
INSERT INTO `orderdata` VALUES (810, '2021-08-06 00:21:24', 83, '', 'Home', '8|3/7|5/5|4/3|4/2|7/1|8/', '待收货', 38, 18, 1, 83);
INSERT INTO `orderdata` VALUES (811, '2021-08-07 03:51:50', 48, '', 'Home', '3|9/7|8/6|3/9|8/5|5/7|10/9|8/7|6/', '待付款', 51, 4, 1, 48);
INSERT INTO `orderdata` VALUES (812, '2021-08-07 05:13:44', 77, '', 'Home', '2|6/4|7/1|4/5|10/3|6/3|7/', '待评价', 84, 15, 1, 77);
INSERT INTO `orderdata` VALUES (813, '2021-08-07 08:56:35', 97, '', 'Home', '2|2/2|10/6|8/', '待评价', 44, 18, 1, 97);
INSERT INTO `orderdata` VALUES (814, '2021-08-07 10:50:13', 48, '', 'Home', '4|7/8|2/9|8/6|9/1|6/7|2/6|6/3|2/', '待评价', 74, 8, 1, 48);
INSERT INTO `orderdata` VALUES (815, '2021-08-07 13:36:24', 71, '', 'Home', '6|9/10|3/10|2/4|6/8|2/1|10/', '待发货', 37, 1, 1, 71);
INSERT INTO `orderdata` VALUES (816, '2021-08-07 15:27:56', 65, '', 'Home', '9|10/3|7/9|3/', '待付款', 52, 3, 1, 65);
INSERT INTO `orderdata` VALUES (817, '2021-08-07 17:24:44', 96, '', 'Home', '3|4/9|3/2|3/', '已取消', 29, 9, 1, 96);
INSERT INTO `orderdata` VALUES (818, '2021-08-07 20:40:18', 60, '', 'Home', '8|10/', '待收货', 76, 1, 1, 60);
INSERT INTO `orderdata` VALUES (819, '2021-08-07 22:16:25', 81, '', 'Home', '5|4/8|6/1|7/', '已完成', 39, 9, 1, 81);
INSERT INTO `orderdata` VALUES (820, '2021-08-07 00:51:37', 63, '', 'Home', '8|4/5|6/4|3/4|10/3|8/3|5/9|3/', '待发货', 63, 19, 1, 63);
INSERT INTO `orderdata` VALUES (821, '2021-08-08 03:38:43', 66, '', 'Home', '1|7/6|6/8|5/5|5/', '待付款', 57, 19, 1, 66);
INSERT INTO `orderdata` VALUES (822, '2021-08-08 06:00:22', 79, '', 'Home', '2|8/2|6/', '待发货', 27, 15, 1, 79);
INSERT INTO `orderdata` VALUES (823, '2021-08-08 08:49:08', 58, '', 'Home', '3|2/5|3/', '待付款', 95, 19, 1, 58);
INSERT INTO `orderdata` VALUES (824, '2021-08-08 10:45:59', 33, '', 'Home', '3|10/10|1/9|9/1|3/4|9/4|5/7|3/6|4/7|10/8|10/', '待发货', 42, 1, 1, 33);
INSERT INTO `orderdata` VALUES (825, '2021-08-08 14:09:54', 22, '', 'Home', '10|9/2|10/2|7/6|6/2|3/', '待付款', 32, 5, 1, 22);
INSERT INTO `orderdata` VALUES (826, '2021-08-08 15:13:48', 4, '', 'Home', '5|2/9|6/7|3/3|8/2|8/4|3/7|7/4|2/', '已完成', 67, 4, 1, 4);
INSERT INTO `orderdata` VALUES (827, '2021-08-08 17:45:32', 1, '', 'Home', '2|9/5|3/10|4/9|9/7|8/1|10/9|10/', '待评价', 86, 12, 1, 1);
INSERT INTO `orderdata` VALUES (828, '2021-08-08 19:57:47', 98, '', 'Home', '4|5/6|5/', '已取消', 39, 1, 1, 98);
INSERT INTO `orderdata` VALUES (829, '2021-08-08 22:53:43', 66, '', 'Home', '9|10/8|2/4|4/3|1/3|1/7|10/5|5/1|2/1|10/10|7/', '待付款', 71, 5, 1, 66);
INSERT INTO `orderdata` VALUES (830, '2021-08-08 01:01:11', 64, '', 'Home', '5|5/3|8/6|4/5|4/6|4/8|1/5|6/8|4/', '待收货', 72, 6, 1, 64);
INSERT INTO `orderdata` VALUES (831, '2021-08-09 03:27:19', 3, '', 'Home', '9|7/5|4/9|6/', '待发货', 81, 5, 1, 3);
INSERT INTO `orderdata` VALUES (832, '2021-08-09 06:00:33', 28, '', 'Home', '1|2/4|3/6|7/4|4/1|8/6|9/10|1/', '已取消', 74, 9, 1, 28);
INSERT INTO `orderdata` VALUES (833, '2021-08-09 08:56:36', 15, '', 'Home', '9|2/3|7/8|2/10|6/1|9/5|1/7|6/', '已取消', 39, 16, 1, 15);
INSERT INTO `orderdata` VALUES (834, '2021-08-09 11:05:50', 73, '', 'Home', '7|3/6|6/3|3/9|8/8|10/7|7/3|5/8|7/', '待发货', 52, 10, 1, 73);
INSERT INTO `orderdata` VALUES (835, '2021-08-09 13:55:14', 10, '', 'Home', '3|1/', '待收货', 67, 3, 1, 10);
INSERT INTO `orderdata` VALUES (836, '2021-08-09 16:14:36', 26, '', 'Home', '10|1/7|1/8|2/8|3/5|9/10|2/3|3/2|9/2|2/3|9/', '待付款', 56, 0, 1, 26);
INSERT INTO `orderdata` VALUES (837, '2021-08-09 17:01:30', 79, '', 'Home', '1|9/1|6/8|10/3|10/3|8/2|5/3|6/6|4/', '待发货', 64, 16, 1, 79);
INSERT INTO `orderdata` VALUES (838, '2021-08-09 20:29:52', 8, '', 'Home', '9|2/', '待收货', 53, 18, 1, 8);
INSERT INTO `orderdata` VALUES (839, '2021-08-09 23:48:55', 44, '', 'Home', '5|3/5|10/10|7/7|4/6|2/', '待付款', 56, 20, 1, 44);
INSERT INTO `orderdata` VALUES (840, '2021-08-09 02:10:49', 85, '', 'Home', '2|9/7|5/9|5/4|8/8|4/8|1/', '已取消', 79, 13, 1, 85);
INSERT INTO `orderdata` VALUES (841, '2021-08-10 02:38:17', 8, '', 'Home', '4|7/5|4/8|6/6|7/5|9/1|5/3|5/1|2/3|3/8|10/', '待评价', 55, 19, 1, 8);
INSERT INTO `orderdata` VALUES (842, '2021-08-10 05:38:08', 42, '', 'Home', '2|10/2|3/6|2/2|4/9|10/10|10/6|10/10|10/1|4/', '待付款', 99, 7, 1, 42);
INSERT INTO `orderdata` VALUES (843, '2021-08-10 07:29:44', 65, '', 'Home', '4|3/4|8/5|7/6|9/2|6/10|1/4|4/5|9/3|2/', '待发货', 36, 15, 1, 65);
INSERT INTO `orderdata` VALUES (844, '2021-08-10 11:12:41', 93, '', 'Home', '5|10/1|2/4|5/1|10/6|1/8|3/', '已取消', 71, 6, 1, 93);
INSERT INTO `orderdata` VALUES (845, '2021-08-10 12:06:55', 54, '', 'Home', '8|8/3|6/2|1/1|10/3|10/6|7/2|6/6|6/', '待发货', 42, 2, 1, 54);
INSERT INTO `orderdata` VALUES (846, '2021-08-10 14:59:30', 63, '', 'Home', '5|9/2|3/6|3/4|8/7|10/10|9/', '已完成', 88, 2, 1, 63);
INSERT INTO `orderdata` VALUES (847, '2021-08-10 17:46:55', 88, '', 'Home', '1|4/10|7/7|6/1|2/1|1/5|7/2|6/', '待付款', 68, 6, 1, 88);
INSERT INTO `orderdata` VALUES (848, '2021-08-10 20:51:50', 61, '', 'Home', '10|3/', '待付款', 84, 6, 1, 61);
INSERT INTO `orderdata` VALUES (849, '2021-08-10 22:45:47', 81, '', 'Home', '10|9/6|6/', '待收货', 32, 3, 1, 81);
INSERT INTO `orderdata` VALUES (850, '2021-08-10 02:17:46', 57, '', 'Home', '3|1/1|10/9|1/9|10/5|4/3|10/1|7/9|1/9|5/6|10/', '待发货', 22, 17, 1, 57);
INSERT INTO `orderdata` VALUES (851, '2021-08-11 03:17:01', 92, '', 'Home', '9|7/2|9/1|10/10|9/', '待发货', 22, 13, 1, 92);
INSERT INTO `orderdata` VALUES (852, '2021-08-11 05:42:40', 57, '', 'Home', '3|7/10|8/7|2/6|1/10|4/2|5/1|8/3|1/9|9/8|2/', '已完成', 66, 5, 1, 57);
INSERT INTO `orderdata` VALUES (853, '2021-08-11 07:36:19', 90, '', 'Home', '5|4/', '已取消', 80, 10, 1, 90);
INSERT INTO `orderdata` VALUES (854, '2021-08-11 10:42:31', 17, '', 'Home', '6|2/8|5/2|7/7|4/4|4/8|4/6|7/', '待发货', 93, 19, 1, 17);
INSERT INTO `orderdata` VALUES (855, '2021-08-11 13:22:06', 17, '', 'Home', '9|6/1|3/', '已取消', 30, 6, 1, 17);
INSERT INTO `orderdata` VALUES (856, '2021-08-11 15:17:41', 5, '', 'Home', '6|9/5|4/1|4/', '待评价', 48, 18, 1, 5);
INSERT INTO `orderdata` VALUES (857, '2021-08-11 18:08:27', 91, '', 'Home', '2|9/1|2/7|7/1|4/7|2/', '待付款', 93, 17, 1, 91);
INSERT INTO `orderdata` VALUES (858, '2021-08-11 21:12:25', 27, '', 'Home', '5|2/10|3/1|3/4|10/2|9/4|5/4|5/10|10/7|10/', '待收货', 100, 8, 1, 27);
INSERT INTO `orderdata` VALUES (859, '2021-08-11 23:18:23', 48, '', 'Home', '2|1/4|3/3|5/5|9/', '待发货', 20, 4, 1, 48);
INSERT INTO `orderdata` VALUES (860, '2021-08-11 01:02:40', 59, '', 'Home', '8|4/5|3/6|8/1|10/8|7/', '待收货', 78, 4, 1, 59);
INSERT INTO `orderdata` VALUES (861, '2021-08-12 04:22:13', 1, '', 'Home', '10|9/7|2/', '待付款', 41, 20, 1, 1);
INSERT INTO `orderdata` VALUES (862, '2021-08-12 06:37:09', 13, '', 'Home', '2|4/3|9/7|10/5|1/5|1/3|6/6|9/3|10/', '已取消', 27, 15, 1, 13);
INSERT INTO `orderdata` VALUES (863, '2021-08-12 07:28:23', 66, '', 'Home', '6|10/5|8/5|8/4|2/10|10/3|4/8|5/5|10/10|1/', '待收货', 27, 16, 1, 66);
INSERT INTO `orderdata` VALUES (864, '2021-08-12 10:13:42', 93, '', 'Home', '1|5/10|7/7|6/8|7/3|7/4|8/1|5/', '已完成', 39, 8, 1, 93);
INSERT INTO `orderdata` VALUES (865, '2021-08-12 14:10:56', 49, '', 'Home', '4|9/4|5/3|9/', '待付款', 45, 10, 1, 49);
INSERT INTO `orderdata` VALUES (866, '2021-08-12 15:37:13', 16, '', 'Home', '3|1/9|5/5|1/9|1/10|10/10|4/7|10/2|6/', '待付款', 82, 13, 1, 16);
INSERT INTO `orderdata` VALUES (867, '2021-08-12 17:03:42', 78, '', 'Home', '10|8/2|9/1|9/', '待付款', 32, 6, 1, 78);
INSERT INTO `orderdata` VALUES (868, '2021-08-12 19:54:58', 63, '', 'Home', '5|10/8|10/5|7/', '已取消', 42, 19, 1, 63);
INSERT INTO `orderdata` VALUES (869, '2021-08-12 21:49:24', 73, '', 'Home', '6|8/5|4/9|6/6|3/', '待收货', 22, 0, 1, 73);
INSERT INTO `orderdata` VALUES (870, '2021-08-12 02:13:28', 60, '', 'Home', '4|6/4|7/3|2/3|10/', '待发货', 54, 3, 1, 60);
INSERT INTO `orderdata` VALUES (871, '2021-08-13 03:01:01', 3, '', 'Home', '4|1/5|2/4|9/10|1/3|10/', '待收货', 36, 10, 1, 3);
INSERT INTO `orderdata` VALUES (872, '2021-08-13 05:30:06', 44, '', 'Home', '2|10/6|5/9|10/3|6/1|4/', '待评价', 81, 2, 1, 44);
INSERT INTO `orderdata` VALUES (873, '2021-08-13 07:40:49', 46, '', 'Home', '10|7/4|4/10|3/4|8/4|1/10|4/10|6/', '已完成', 82, 7, 1, 46);
INSERT INTO `orderdata` VALUES (874, '2021-08-13 09:38:35', 25, '', 'Home', '1|5/', '已取消', 38, 2, 1, 25);
INSERT INTO `orderdata` VALUES (875, '2021-08-13 12:56:32', 74, '', 'Home', '9|1/1|2/5|3/9|2/7|4/', '待收货', 96, 9, 1, 74);
INSERT INTO `orderdata` VALUES (876, '2021-08-13 16:39:48', 6, '', 'Home', '7|3/8|10/9|5/3|1/', '待评价', 97, 8, 1, 6);
INSERT INTO `orderdata` VALUES (877, '2021-08-13 16:59:07', 56, '', 'Home', '5|2/4|3/6|2/1|3/', '已取消', 47, 18, 1, 56);
INSERT INTO `orderdata` VALUES (878, '2021-08-13 20:30:07', 48, '', 'Home', '2|6/1|4/4|6/9|1/7|5/5|8/3|1/10|7/8|8/', '已完成', 56, 0, 1, 48);
INSERT INTO `orderdata` VALUES (879, '2021-08-13 23:11:56', 59, '', 'Home', '3|8/4|2/10|3/9|6/4|5/7|7/7|3/9|8/', '待评价', 55, 7, 1, 59);
INSERT INTO `orderdata` VALUES (880, '2021-08-13 01:13:50', 94, '', 'Home', '3|3/8|10/9|4/5|8/9|3/9|4/5|3/', '待付款', 23, 5, 1, 94);
INSERT INTO `orderdata` VALUES (881, '2021-08-14 04:37:22', 67, '', 'Home', '5|1/3|5/9|5/10|7/', '待付款', 22, 18, 1, 67);
INSERT INTO `orderdata` VALUES (882, '2021-08-14 06:40:45', 85, '', 'Home', '7|2/8|6/8|6/7|2/1|6/', '待发货', 87, 20, 1, 85);
INSERT INTO `orderdata` VALUES (883, '2021-08-14 08:50:04', 29, '', 'Home', '3|1/9|10/8|10/1|4/7|3/8|2/10|2/5|7/', '待评价', 56, 6, 1, 29);
INSERT INTO `orderdata` VALUES (884, '2021-08-14 09:52:24', 55, '', 'Home', '8|8/7|10/9|10/2|6/1|8/4|6/', '已完成', 68, 6, 1, 55);
INSERT INTO `orderdata` VALUES (885, '2021-08-14 14:09:40', 52, '', 'Home', '4|3/1|2/7|1/6|7/', '待发货', 33, 5, 1, 52);
INSERT INTO `orderdata` VALUES (886, '2021-08-14 14:38:40', 67, '', 'Home', '3|3/7|10/8|8/8|10/6|5/1|8/7|7/7|9/', '待付款', 100, 20, 1, 67);
INSERT INTO `orderdata` VALUES (887, '2021-08-14 18:52:31', 91, '', 'Home', '1|10/8|2/5|10/3|1/8|1/4|8/', '待收货', 81, 0, 1, 91);
INSERT INTO `orderdata` VALUES (888, '2021-08-14 21:09:35', 38, '', 'Home', '9|6/3|6/6|7/', '待付款', 82, 9, 1, 38);
INSERT INTO `orderdata` VALUES (889, '2021-08-14 22:59:35', 90, '', 'Home', '9|5/4|7/1|6/', '待发货', 56, 13, 1, 90);
INSERT INTO `orderdata` VALUES (890, '2021-08-14 00:00:13', 67, '', 'Home', '3|6/2|10/9|1/7|8/8|9/9|7/9|2/9|10/', '待付款', 88, 0, 1, 67);
INSERT INTO `orderdata` VALUES (891, '2021-08-15 04:10:09', 48, '', 'Home', '10|9/6|5/', '已取消', 61, 2, 1, 48);
INSERT INTO `orderdata` VALUES (892, '2021-08-15 07:11:33', 7, '', 'Home', '8|9/9|5/6|10/4|3/4|3/8|8/1|6/7|7/2|8/', '待付款', 87, 13, 1, 7);
INSERT INTO `orderdata` VALUES (893, '2021-08-15 09:23:26', 25, '', 'Home', '10|3/', '待付款', 97, 12, 1, 25);
INSERT INTO `orderdata` VALUES (894, '2021-08-15 10:37:28', 92, '', 'Home', '7|8/', '待付款', 36, 8, 1, 92);
INSERT INTO `orderdata` VALUES (895, '2021-08-15 13:01:09', 11, '', 'Home', '2|9/', '待付款', 71, 18, 1, 11);
INSERT INTO `orderdata` VALUES (896, '2021-08-15 15:31:25', 37, '', 'Home', '4|1/3|7/5|2/9|6/6|3/2|1/', '已取消', 57, 2, 1, 37);
INSERT INTO `orderdata` VALUES (897, '2021-08-15 17:44:24', 73, '', 'Home', '3|1/3|1/6|7/', '已完成', 45, 10, 1, 73);
INSERT INTO `orderdata` VALUES (898, '2021-08-15 20:07:18', 34, '', 'Home', '3|8/', '待收货', 87, 19, 1, 34);
INSERT INTO `orderdata` VALUES (899, '2021-08-15 22:13:09', 6, '', 'Home', '7|10/', '已完成', 49, 20, 1, 6);
INSERT INTO `orderdata` VALUES (900, '2021-08-15 00:54:40', 32, '', 'Home', '9|5/8|6/2|6/1|1/4|6/', '待发货', 84, 18, 1, 32);
INSERT INTO `orderdata` VALUES (901, '2021-08-16 03:23:57', 7, '', 'Home', '10|10/2|10/5|7/6|10/5|6/9|8/', '已完成', 80, 11, 1, 7);
INSERT INTO `orderdata` VALUES (902, '2021-08-16 05:45:11', 72, '', 'Home', '4|4/', '待发货', 46, 0, 1, 72);
INSERT INTO `orderdata` VALUES (903, '2021-08-16 09:31:45', 1, '', 'Home', '3|8/9|5/2|3/4|10/5|3/2|9/', '已完成', 91, 9, 1, 1);
INSERT INTO `orderdata` VALUES (904, '2021-08-16 10:53:28', 33, '', 'Home', '4|2/1|4/3|1/4|4/2|4/8|2/5|8/', '已完成', 51, 19, 1, 33);
INSERT INTO `orderdata` VALUES (905, '2021-08-16 13:49:06', 58, '', 'Home', '3|6/', '待发货', 94, 9, 1, 58);
INSERT INTO `orderdata` VALUES (906, '2021-08-16 15:23:59', 93, '', 'Home', '9|4/7|7/3|10/10|7/3|8/1|2/', '已取消', 36, 13, 1, 93);
INSERT INTO `orderdata` VALUES (907, '2021-08-16 18:34:37', 5, '', 'Home', '1|10/1|10/3|9/7|6/4|8/9|4/6|8/', '待发货', 56, 10, 1, 5);
INSERT INTO `orderdata` VALUES (908, '2021-08-16 20:02:44', 76, '', 'Home', '9|2/7|6/1|2/8|3/7|5/6|7/1|7/8|8/', '待发货', 42, 18, 1, 76);
INSERT INTO `orderdata` VALUES (909, '2021-08-16 23:54:35', 67, '', 'Home', '2|3/8|5/2|2/7|6/1|2/6|1/', '待付款', 82, 17, 1, 67);
INSERT INTO `orderdata` VALUES (910, '2021-08-16 00:10:42', 26, '', 'Home', '6|8/8|2/10|7/9|6/2|4/9|10/7|3/9|6/3|1/', '待发货', 72, 14, 1, 26);
INSERT INTO `orderdata` VALUES (911, '2021-08-17 04:36:10', 34, '', 'Home', '8|9/9|4/6|6/8|7/1|4/3|5/2|5/7|9/7|4/1|9/', '待付款', 44, 6, 1, 34);
INSERT INTO `orderdata` VALUES (912, '2021-08-17 06:39:07', 59, '', 'Home', '9|2/5|1/4|10/1|2/2|2/9|4/', '待评价', 22, 16, 1, 59);
INSERT INTO `orderdata` VALUES (913, '2021-08-17 08:16:02', 93, '', 'Home', '10|9/3|2/5|2/9|1/2|7/1|8/', '待付款', 66, 20, 1, 93);
INSERT INTO `orderdata` VALUES (914, '2021-08-17 10:27:35', 88, '', 'Home', '2|7/3|2/5|7/8|1/8|1/3|4/5|3/1|7/8|1/4|8/', '待付款', 39, 5, 1, 88);
INSERT INTO `orderdata` VALUES (915, '2021-08-17 14:22:38', 45, '', 'Home', '6|9/6|6/4|2/3|6/9|8/3|5/1|8/2|5/', '待付款', 80, 14, 1, 45);
INSERT INTO `orderdata` VALUES (916, '2021-08-17 16:30:52', 28, '', 'Home', '6|3/', '待评价', 20, 11, 1, 28);
INSERT INTO `orderdata` VALUES (917, '2021-08-17 17:33:22', 18, '', 'Home', '8|7/4|2/1|6/7|2/5|9/', '待付款', 74, 18, 1, 18);
INSERT INTO `orderdata` VALUES (918, '2021-08-17 20:09:02', 21, '', 'Home', '10|1/3|7/9|9/3|7/6|9/5|3/5|1/', '已取消', 32, 10, 1, 21);
INSERT INTO `orderdata` VALUES (919, '2021-08-17 23:37:02', 88, '', 'Home', '6|7/2|3/8|1/6|10/2|6/10|6/3|3/1|3/5|8/8|3/', '待收货', 27, 15, 1, 88);
INSERT INTO `orderdata` VALUES (920, '2021-08-17 01:16:30', 95, '', 'Home', '6|1/2|7/7|8/8|4/4|2/', '待收货', 64, 1, 1, 95);
INSERT INTO `orderdata` VALUES (921, '2021-08-18 03:12:54', 31, '', 'Home', '9|2/7|9/', '待付款', 96, 16, 1, 31);
INSERT INTO `orderdata` VALUES (922, '2021-08-18 06:01:21', 30, '', 'Home', '5|10/6|7/1|1/5|2/', '待付款', 90, 10, 1, 30);
INSERT INTO `orderdata` VALUES (923, '2021-08-18 08:51:43', 13, '', 'Home', '6|10/8|5/5|3/8|5/3|1/', '待发货', 95, 6, 1, 13);
INSERT INTO `orderdata` VALUES (924, '2021-08-18 11:54:38', 81, '', 'Home', '2|10/8|5/3|3/', '待付款', 55, 0, 1, 81);
INSERT INTO `orderdata` VALUES (925, '2021-08-18 13:23:02', 24, '', 'Home', '4|9/4|1/9|9/9|5/10|4/', '待付款', 83, 15, 1, 24);
INSERT INTO `orderdata` VALUES (926, '2021-08-18 14:47:01', 42, '', 'Home', '8|4/7|4/1|3/', '待收货', 31, 6, 1, 42);
INSERT INTO `orderdata` VALUES (927, '2021-08-18 17:47:56', 37, '', 'Home', '6|3/8|6/8|6/1|3/1|9/2|7/', '待收货', 78, 4, 1, 37);
INSERT INTO `orderdata` VALUES (928, '2021-08-18 19:44:25', 22, '', 'Home', '8|7/1|3/3|6/2|7/7|5/10|6/3|7/5|8/', '已完成', 92, 13, 1, 22);
INSERT INTO `orderdata` VALUES (929, '2021-08-18 22:59:56', 17, '', 'Home', '10|6/10|7/8|4/9|5/10|4/9|9/6|2/4|1/3|7/', '待评价', 51, 5, 1, 17);
INSERT INTO `orderdata` VALUES (930, '2021-08-18 01:08:22', 79, '', 'Home', '8|3/4|9/6|10/9|9/4|2/5|8/4|1/5|6/5|4/', '待发货', 79, 5, 1, 79);
INSERT INTO `orderdata` VALUES (931, '2021-08-19 04:27:47', 23, '', 'Home', '7|7/2|7/1|10/', '待评价', 77, 19, 1, 23);
INSERT INTO `orderdata` VALUES (932, '2021-08-19 05:31:19', 39, '', 'Home', '6|7/7|5/7|8/8|3/5|10/6|7/', '待收货', 35, 1, 1, 39);
INSERT INTO `orderdata` VALUES (933, '2021-08-19 08:38:28', 5, '', 'Home', '2|9/10|5/9|3/7|7/', '待发货', 41, 1, 1, 5);
INSERT INTO `orderdata` VALUES (934, '2021-08-19 10:31:05', 67, '', 'Home', '1|5/8|2/10|2/', '待评价', 78, 20, 1, 67);
INSERT INTO `orderdata` VALUES (935, '2021-08-19 13:02:35', 29, '', 'Home', '6|2/7|6/9|2/9|1/', '待付款', 67, 7, 1, 29);
INSERT INTO `orderdata` VALUES (936, '2021-08-19 16:46:22', 27, '', 'Home', '2|7/4|4/7|9/8|9/', '待付款', 43, 10, 1, 27);
INSERT INTO `orderdata` VALUES (937, '2021-08-19 17:56:15', 71, '', 'Home', '5|8/9|4/6|9/5|5/1|6/6|9/6|8/4|6/4|5/6|10/', '待评价', 79, 12, 1, 71);
INSERT INTO `orderdata` VALUES (938, '2021-08-19 19:20:59', 53, '', 'Home', '6|8/', '待评价', 93, 10, 1, 53);
INSERT INTO `orderdata` VALUES (939, '2021-08-19 23:16:45', 90, '', 'Home', '1|10/3|6/', '已取消', 73, 13, 1, 90);
INSERT INTO `orderdata` VALUES (940, '2021-08-19 01:33:09', 4, '', 'Home', '3|10/3|4/8|4/3|9/', '待付款', 48, 5, 1, 4);
INSERT INTO `orderdata` VALUES (941, '2021-08-20 03:18:08', 5, '', 'Home', '3|4/7|4/8|3/', '待发货', 94, 8, 1, 5);
INSERT INTO `orderdata` VALUES (942, '2021-08-20 06:15:24', 63, '', 'Home', '10|8/9|8/3|8/9|2/3|6/10|1/', '已完成', 32, 2, 1, 63);
INSERT INTO `orderdata` VALUES (943, '2021-08-20 09:07:28', 68, '', 'Home', '5|10/6|9/1|10/3|4/3|8/', '待收货', 20, 0, 1, 68);
INSERT INTO `orderdata` VALUES (944, '2021-08-20 11:59:22', 7, '', 'Home', '1|4/10|6/2|8/9|7/5|8/', '待发货', 29, 14, 1, 7);
INSERT INTO `orderdata` VALUES (945, '2021-08-20 13:22:27', 22, '', 'Home', '7|7/2|6/7|3/9|1/', '待收货', 27, 14, 1, 22);
INSERT INTO `orderdata` VALUES (946, '2021-08-20 16:01:03', 49, '', 'Home', '5|1/7|6/5|1/5|9/', '待发货', 24, 5, 1, 49);
INSERT INTO `orderdata` VALUES (947, '2021-08-20 18:37:19', 3, '', 'Home', '7|5/4|1/4|8/2|6/6|10/9|9/3|10/1|9/5|4/', '已取消', 66, 17, 1, 3);
INSERT INTO `orderdata` VALUES (948, '2021-08-20 19:43:24', 99, '', 'Home', '10|9/9|6/4|4/1|6/1|6/9|10/', '待收货', 43, 13, 1, 99);
INSERT INTO `orderdata` VALUES (949, '2021-08-20 22:56:33', 48, '', 'Home', '4|7/2|4/9|4/3|4/', '待付款', 30, 0, 1, 48);
INSERT INTO `orderdata` VALUES (950, '2021-08-20 01:33:22', 48, '', 'Home', '7|4/8|6/3|3/', '待收货', 28, 18, 1, 48);
INSERT INTO `orderdata` VALUES (951, '2021-08-21 02:58:48', 18, '', 'Home', '1|2/4|10/6|4/', '待付款', 30, 9, 1, 18);
INSERT INTO `orderdata` VALUES (952, '2021-08-21 06:55:36', 20, '', 'Home', '5|7/5|3/1|6/4|4/10|8/10|3/9|1/', '待评价', 86, 20, 1, 20);
INSERT INTO `orderdata` VALUES (953, '2021-08-21 07:24:45', 52, '', 'Home', '7|1/', '待付款', 100, 8, 1, 52);
INSERT INTO `orderdata` VALUES (954, '2021-08-21 11:05:51', 74, '', 'Home', '7|5/7|9/', '待收货', 63, 15, 1, 74);
INSERT INTO `orderdata` VALUES (955, '2021-08-21 12:44:33', 84, '', 'Home', '4|1/8|8/6|5/4|10/4|2/3|7/1|3/9|4/8|9/10|7/', '待评价', 68, 5, 1, 84);
INSERT INTO `orderdata` VALUES (956, '2021-08-21 15:01:21', 51, '', 'Home', '7|1/8|2/4|3/9|7/4|4/3|8/10|5/9|9/', '待发货', 43, 14, 1, 51);
INSERT INTO `orderdata` VALUES (957, '2021-08-21 16:59:33', 56, '', 'Home', '10|10/7|1/1|3/4|7/4|5/9|5/5|8/4|5/3|9/', '待评价', 45, 19, 1, 56);
INSERT INTO `orderdata` VALUES (958, '2021-08-21 19:55:29', 87, '', 'Home', '3|10/7|10/9|7/', '待收货', 58, 14, 1, 87);
INSERT INTO `orderdata` VALUES (959, '2021-08-21 22:45:46', 16, '', 'Home', '3|5/2|9/8|7/8|5/', '待付款', 49, 13, 1, 16);
INSERT INTO `orderdata` VALUES (960, '2021-08-21 01:24:12', 81, '', 'Home', '5|3/6|10/5|10/7|8/', '已取消', 76, 8, 1, 81);
INSERT INTO `orderdata` VALUES (961, '2021-08-22 04:15:41', 50, '', 'Home', '9|10/', '已取消', 40, 0, 1, 50);
INSERT INTO `orderdata` VALUES (962, '2021-08-22 06:05:18', 33, '', 'Home', '9|1/5|7/2|5/10|10/', '待付款', 83, 0, 1, 33);
INSERT INTO `orderdata` VALUES (963, '2021-08-22 08:07:32', 8, '', 'Home', '6|7/4|6/1|7/6|10/9|6/6|10/', '待发货', 95, 7, 1, 8);
INSERT INTO `orderdata` VALUES (964, '2021-08-22 11:15:41', 6, '', 'Home', '8|6/4|3/2|6/3|10/10|3/', '待付款', 30, 3, 1, 6);
INSERT INTO `orderdata` VALUES (965, '2021-08-22 14:00:56', 64, '', 'Home', '4|4/5|2/3|9/2|2/4|9/9|1/3|2/7|2/5|5/5|2/', '待发货', 38, 15, 1, 64);
INSERT INTO `orderdata` VALUES (966, '2021-08-22 15:16:30', 71, '', 'Home', '3|6/3|9/7|10/7|7/8|3/', '待发货', 79, 19, 1, 71);
INSERT INTO `orderdata` VALUES (967, '2021-08-22 18:18:36', 34, '', 'Home', '7|9/3|9/5|3/10|2/1|4/9|3/10|3/', '待评价', 41, 19, 1, 34);
INSERT INTO `orderdata` VALUES (968, '2021-08-22 20:04:49', 90, '', 'Home', '3|10/9|2/4|10/', '已完成', 93, 6, 1, 90);
INSERT INTO `orderdata` VALUES (969, '2021-08-22 22:14:33', 52, '', 'Home', '8|3/5|7/2|10/7|9/9|3/', '待发货', 69, 16, 1, 52);
INSERT INTO `orderdata` VALUES (970, '2021-08-22 01:14:53', 91, '', 'Home', '10|8/', '已取消', 68, 5, 1, 91);
INSERT INTO `orderdata` VALUES (971, '2021-08-23 04:34:53', 59, '', 'Home', '4|8/3|7/6|5/2|10/8|1/5|10/3|5/', '已取消', 87, 10, 1, 59);
INSERT INTO `orderdata` VALUES (972, '2021-08-23 06:05:06', 52, '', 'Home', '4|1/7|2/', '待收货', 87, 14, 1, 52);
INSERT INTO `orderdata` VALUES (973, '2021-08-23 08:40:28', 14, '', 'Home', '9|6/5|8/10|9/3|3/', '待发货', 65, 7, 1, 14);
INSERT INTO `orderdata` VALUES (974, '2021-08-23 10:32:41', 74, '', 'Home', '9|4/2|3/7|6/1|3/', '已取消', 96, 5, 1, 74);
INSERT INTO `orderdata` VALUES (975, '2021-08-23 13:49:59', 54, '', 'Home', '7|10/', '已完成', 46, 12, 1, 54);
INSERT INTO `orderdata` VALUES (976, '2021-08-23 15:19:55', 87, '', 'Home', '7|7/6|3/4|9/8|6/10|7/3|10/1|2/', '已完成', 43, 6, 1, 87);
INSERT INTO `orderdata` VALUES (977, '2021-08-23 17:37:12', 27, '', 'Home', '4|9/8|2/7|2/4|6/6|9/6|5/8|8/6|10/3|3/8|1/', '已完成', 21, 11, 1, 27);
INSERT INTO `orderdata` VALUES (978, '2021-08-23 20:03:02', 35, '', 'Home', '7|3/9|6/1|8/3|10/9|3/3|6/3|3/6|3/9|8/', '待评价', 25, 15, 1, 35);
INSERT INTO `orderdata` VALUES (979, '2021-08-23 22:34:02', 51, '', 'Home', '9|5/4|2/9|8/8|1/8|5/7|2/1|7/', '待付款', 58, 13, 1, 51);
INSERT INTO `orderdata` VALUES (980, '2021-08-23 02:13:27', 36, '', 'Home', '8|10/6|5/4|9/3|9/8|2/8|1/8|9/7|7/9|8/', '待付款', 48, 14, 1, 36);
INSERT INTO `orderdata` VALUES (981, '2021-08-24 03:15:59', 51, '', 'Home', '1|1/3|9/2|1/9|8/4|3/5|9/9|8/10|1/8|5/', '待付款', 20, 17, 1, 51);
INSERT INTO `orderdata` VALUES (982, '2021-08-24 06:21:44', 95, '', 'Home', '9|10/9|9/7|7/10|7/9|10/2|6/5|8/9|2/9|8/10|5/', '已取消', 72, 6, 1, 95);
INSERT INTO `orderdata` VALUES (983, '2021-08-24 08:36:35', 13, '', 'Home', '8|2/3|6/9|5/7|8/', '待收货', 53, 16, 1, 13);
INSERT INTO `orderdata` VALUES (984, '2021-08-24 10:45:10', 37, '', 'Home', '8|9/1|9/7|4/7|5/4|1/6|8/7|5/6|6/3|5/', '待付款', 69, 18, 1, 37);
INSERT INTO `orderdata` VALUES (985, '2021-08-24 13:22:22', 74, '', 'Home', '4|6/2|6/', '待付款', 74, 10, 1, 74);
INSERT INTO `orderdata` VALUES (986, '2021-08-24 15:01:39', 87, '', 'Home', '9|8/7|8/1|6/5|5/2|5/6|6/', '待发货', 21, 10, 1, 87);
INSERT INTO `orderdata` VALUES (987, '2021-08-24 18:20:52', 61, '', 'Home', '4|9/3|10/7|6/3|4/9|4/3|2/1|2/8|8/3|1/', '待评价', 74, 18, 1, 61);
INSERT INTO `orderdata` VALUES (988, '2021-08-24 19:32:29', 64, '', 'Home', '2|1/', '已完成', 53, 8, 1, 64);
INSERT INTO `orderdata` VALUES (989, '2021-08-24 23:47:54', 90, '', 'Home', '5|3/1|7/3|3/6|7/5|7/2|2/8|1/9|9/10|7/', '待收货', 51, 16, 1, 90);
INSERT INTO `orderdata` VALUES (990, '2021-08-24 00:04:27', 66, '', 'Home', '2|5/6|9/1|3/4|10/', '待收货', 38, 19, 1, 66);
INSERT INTO `orderdata` VALUES (991, '2021-08-25 04:38:53', 53, '', 'Home', '7|7/9|10/', '待评价', 69, 12, 1, 53);
INSERT INTO `orderdata` VALUES (992, '2021-08-25 05:07:08', 15, '', 'Home', '7|6/', '已取消', 66, 0, 1, 15);
INSERT INTO `orderdata` VALUES (993, '2021-08-25 08:04:08', 23, '', 'Home', '1|7/10|7/6|5/2|2/4|7/', '已完成', 55, 8, 1, 23);
INSERT INTO `orderdata` VALUES (994, '2021-08-25 09:59:47', 6, '', 'Home', '5|7/7|10/10|4/2|1/1|7/2|5/4|6/3|3/6|6/', '待发货', 28, 10, 1, 6);
INSERT INTO `orderdata` VALUES (995, '2021-08-25 13:51:30', 72, '', 'Home', '5|1/4|2/', '待收货', 58, 16, 1, 72);
INSERT INTO `orderdata` VALUES (996, '2021-08-25 15:14:50', 43, '', 'Home', '1|2/7|7/3|2/5|1/9|7/', '已取消', 79, 18, 1, 43);
INSERT INTO `orderdata` VALUES (997, '2021-08-25 17:20:56', 33, '', 'Home', '10|1/1|2/8|5/5|6/', '待评价', 70, 9, 1, 33);
INSERT INTO `orderdata` VALUES (998, '2021-08-25 20:53:04', 78, '', 'Home', '10|10/6|3/', '待付款', 67, 2, 1, 78);
INSERT INTO `orderdata` VALUES (999, '2021-08-25 22:32:38', 55, '', 'Home', '7|8/', '待发货', 43, 17, 1, 55);
INSERT INTO `orderdata` VALUES (1000, '2021-08-25 20:45:32', 52, '', 'Home', '4|6/2|7/', '待付款', 33, 0, 1, 52);

-- ----------------------------
-- Table structure for restaurantdata
-- ----------------------------
DROP TABLE IF EXISTS `restaurantdata`;
CREATE TABLE `restaurantdata`  (
  `RestaurantID` int(0) NOT NULL AUTO_INCREMENT,
  `RestaurantName` varchar(10) CHARACTER SET utf8 COLLATE utf8_general_ci NOT NULL,
  `HeadPortrait` varchar(100) CHARACTER SET utf8 COLLATE utf8_general_ci NOT NULL,
  `Address` varchar(50) CHARACTER SET utf8 COLLATE utf8_general_ci NOT NULL,
  `Description` varchar(500) CHARACTER SET utf8 COLLATE utf8_general_ci NOT NULL,
  `Benefits` varchar(1000) CHARACTER SET utf8 COLLATE utf8_general_ci NOT NULL,
  `OrderNum` varchar(1000) CHARACTER SET utf8 COLLATE utf8_general_ci NOT NULL,
  `TotalBenefits` float NOT NULL,
  PRIMARY KEY (`RestaurantID`) USING BTREE
) ENGINE = InnoDB AUTO_INCREMENT = 2 CHARACTER SET = utf8 COLLATE = utf8_general_ci ROW_FORMAT = Dynamic;

-- ----------------------------
-- Records of restaurantdata
-- ----------------------------
INSERT INTO `restaurantdata` VALUES (1, '野兽餐馆', 'DefaultPath', '下北泽', 'None', '', '', 60360);

-- ----------------------------
-- Table structure for userdata_all
-- ----------------------------
DROP TABLE IF EXISTS `userdata_all`;
CREATE TABLE `userdata_all`  (
  `UserID` int(0) NOT NULL AUTO_INCREMENT,
  `UserName` varchar(10) CHARACTER SET utf8 COLLATE utf8_general_ci NOT NULL,
  `_Password` varchar(20) CHARACTER SET utf8 COLLATE utf8_general_ci NOT NULL,
  `Gender` enum('男','女','其他','未知') CHARACTER SET utf8 COLLATE utf8_general_ci NOT NULL,
  `HeadPortrait` varchar(100) CHARACTER SET utf8 COLLATE utf8_general_ci NOT NULL,
  `Address` varchar(500) CHARACTER SET utf8 COLLATE utf8_general_ci NOT NULL,
  `Telephone` varchar(20) CHARACTER SET utf8 COLLATE utf8_general_ci NOT NULL,
  `Token` varchar(128) CHARACTER SET utf8 COLLATE utf8_general_ci NULL DEFAULT NULL,
  `_HaveLogin` tinyint(1) NULL DEFAULT NULL,
  `Dishes` varchar(2000) CHARACTER SET utf8 COLLATE utf8_general_ci NULL DEFAULT NULL,
  `HaveAnyBind` tinyint(1) NULL DEFAULT NULL,
  `HaveWechatBind` tinyint(1) NULL DEFAULT NULL,
  `WechatBind_Name` varchar(20) CHARACTER SET utf8 COLLATE utf8_general_ci NULL DEFAULT NULL,
  `WechatBind_Password` varchar(20) CHARACTER SET utf8 COLLATE utf8_general_ci NULL DEFAULT NULL,
  `HaveQQBind` tinyint(1) NULL DEFAULT NULL,
  `QQBind_Name` varchar(20) CHARACTER SET utf8 COLLATE utf8_general_ci NULL DEFAULT NULL,
  `QQBind_Password` varchar(20) CHARACTER SET utf8 COLLATE utf8_general_ci NULL DEFAULT NULL,
  PRIMARY KEY (`UserID`) USING BTREE
) ENGINE = InnoDB AUTO_INCREMENT = 101 CHARACTER SET = utf8 COLLATE = utf8_general_ci ROW_FORMAT = Dynamic;

-- ----------------------------
-- Records of userdata_all
-- ----------------------------
INSERT INTO `userdata_all` VALUES (1, '周海昌', '114514', '未知', 'NeedInit', 'NeedInit', 'NeedInit', NULL, 0, '', 0, 0, '', '', 0, '', '');
INSERT INTO `userdata_all` VALUES (2, '冯涵亮', '114514', '未知', 'NeedInit', 'NeedInit', 'NeedInit', NULL, 0, '', 0, 0, '', '', 0, '', '');
INSERT INTO `userdata_all` VALUES (3, '杨惜蕊', '114514', '未知', 'NeedInit', 'NeedInit', 'NeedInit', NULL, 0, '', 0, 0, '', '', 0, '', '');
INSERT INTO `userdata_all` VALUES (4, '杨盼菡', '114514', '未知', 'NeedInit', 'NeedInit', 'NeedInit', NULL, 0, '', 0, 0, '', '', 0, '', '');
INSERT INTO `userdata_all` VALUES (5, '郑瀚文', '114514', '未知', 'NeedInit', 'NeedInit', 'NeedInit', NULL, 0, '', 0, 0, '', '', 0, '', '');
INSERT INTO `userdata_all` VALUES (6, '杨德泽', '114514', '未知', 'NeedInit', 'NeedInit', 'NeedInit', NULL, 0, '', 0, 0, '', '', 0, '', '');
INSERT INTO `userdata_all` VALUES (7, '蒋语梦', '114514', '未知', 'NeedInit', 'NeedInit', 'NeedInit', NULL, 0, '', 0, 0, '', '', 0, '', '');
INSERT INTO `userdata_all` VALUES (8, '许澄邈', '114514', '未知', 'NeedInit', 'NeedInit', 'NeedInit', NULL, 0, '', 0, 0, '', '', 0, '', '');
INSERT INTO `userdata_all` VALUES (9, '韩冰真', '114514', '未知', 'NeedInit', 'NeedInit', 'NeedInit', NULL, 0, '', 0, 0, '', '', 0, '', '');
INSERT INTO `userdata_all` VALUES (10, '王瀚文', '114514', '未知', 'NeedInit', 'NeedInit', 'NeedInit', NULL, 0, '', 0, 0, '', '', 0, '', '');
INSERT INTO `userdata_all` VALUES (11, '褚德泽', '114514', '未知', 'NeedInit', 'NeedInit', 'NeedInit', NULL, 0, '', 0, 0, '', '', 0, '', '');
INSERT INTO `userdata_all` VALUES (12, '赵德泽', '114514', '未知', 'NeedInit', 'NeedInit', 'NeedInit', NULL, 0, '', 0, 0, '', '', 0, '', '');
INSERT INTO `userdata_all` VALUES (13, '秦澄邈', '114514', '未知', 'NeedInit', 'NeedInit', 'NeedInit', NULL, 0, '', 0, 0, '', '', 0, '', '');
INSERT INTO `userdata_all` VALUES (14, '蒋浩博', '114514', '未知', 'NeedInit', 'NeedInit', 'NeedInit', NULL, 0, '', 0, 0, '', '', 0, '', '');
INSERT INTO `userdata_all` VALUES (15, '沈德泽', '114514', '未知', 'NeedInit', 'NeedInit', 'NeedInit', NULL, 0, '', 0, 0, '', '', 0, '', '');
INSERT INTO `userdata_all` VALUES (16, '朱浩初', '114514', '未知', 'NeedInit', 'NeedInit', 'NeedInit', NULL, 0, '', 0, 0, '', '', 0, '', '');
INSERT INTO `userdata_all` VALUES (17, '韩雁彬', '114514', '未知', 'NeedInit', 'NeedInit', 'NeedInit', NULL, 0, '', 0, 0, '', '', 0, '', '');
INSERT INTO `userdata_all` VALUES (18, '秦浩初', '114514', '未知', 'NeedInit', 'NeedInit', 'NeedInit', NULL, 0, '', 0, 0, '', '', 0, '', '');
INSERT INTO `userdata_all` VALUES (19, '卫浩初', '114514', '未知', 'NeedInit', 'NeedInit', 'NeedInit', NULL, 0, '', 0, 0, '', '', 0, '', '');
INSERT INTO `userdata_all` VALUES (20, '王迎彤', '114514', '未知', 'NeedInit', 'NeedInit', 'NeedInit', NULL, 0, '', 0, 0, '', '', 0, '', '');
INSERT INTO `userdata_all` VALUES (21, '陈德泽', '114514', '未知', 'NeedInit', 'NeedInit', 'NeedInit', NULL, 0, '', 0, 0, '', '', 0, '', '');
INSERT INTO `userdata_all` VALUES (22, '沈瀚文', '114514', '未知', 'NeedInit', 'NeedInit', 'NeedInit', NULL, 0, '', 0, 0, '', '', 0, '', '');
INSERT INTO `userdata_all` VALUES (23, '吴白萱', '114514', '未知', 'NeedInit', 'NeedInit', 'NeedInit', NULL, 0, '', 0, 0, '', '', 0, '', '');
INSERT INTO `userdata_all` VALUES (24, '李又琴', '114514', '未知', 'NeedInit', 'NeedInit', 'NeedInit', NULL, 0, '', 0, 0, '', '', 0, '', '');
INSERT INTO `userdata_all` VALUES (25, '朱语梦', '114514', '未知', 'NeedInit', 'NeedInit', 'NeedInit', NULL, 0, '', 0, 0, '', '', 0, '', '');
INSERT INTO `userdata_all` VALUES (26, '朱浩波', '114514', '未知', 'NeedInit', 'NeedInit', 'NeedInit', NULL, 0, '', 0, 0, '', '', 0, '', '');
INSERT INTO `userdata_all` VALUES (27, '陈白萱', '114514', '未知', 'NeedInit', 'NeedInit', 'NeedInit', NULL, 0, '', 0, 0, '', '', 0, '', '');
INSERT INTO `userdata_all` VALUES (28, '尤雁彬', '114514', '未知', 'NeedInit', 'NeedInit', 'NeedInit', NULL, 0, '', 0, 0, '', '', 0, '', '');
INSERT INTO `userdata_all` VALUES (29, '朱秋荷', '114514', '未知', 'NeedInit', 'NeedInit', 'NeedInit', NULL, 0, '', 0, 0, '', '', 0, '', '');
INSERT INTO `userdata_all` VALUES (30, '尤海超', '114514', '未知', 'NeedInit', 'NeedInit', 'NeedInit', NULL, 0, '', 0, 0, '', '', 0, '', '');
INSERT INTO `userdata_all` VALUES (31, '杨浩宕', '114514', '未知', 'NeedInit', 'NeedInit', 'NeedInit', NULL, 0, '', 0, 0, '', '', 0, '', '');
INSERT INTO `userdata_all` VALUES (32, '蒋香彤', '114514', '未知', 'NeedInit', 'NeedInit', 'NeedInit', NULL, 0, '', 0, 0, '', '', 0, '', '');
INSERT INTO `userdata_all` VALUES (33, '吴若松', '114514', '未知', 'NeedInit', 'NeedInit', 'NeedInit', NULL, 0, '', 0, 0, '', '', 0, '', '');
INSERT INTO `userdata_all` VALUES (34, '秦若松', '114514', '未知', 'NeedInit', 'NeedInit', 'NeedInit', NULL, 0, '', 0, 0, '', '', 0, '', '');
INSERT INTO `userdata_all` VALUES (35, '孙惜蕊', '114514', '未知', 'NeedInit', 'NeedInit', 'NeedInit', NULL, 0, '', 0, 0, '', '', 0, '', '');
INSERT INTO `userdata_all` VALUES (36, '朱瀚文', '114514', '未知', 'NeedInit', 'NeedInit', 'NeedInit', NULL, 0, '', 0, 0, '', '', 0, '', '');
INSERT INTO `userdata_all` VALUES (37, '吴诗珊', '114514', '未知', 'NeedInit', 'NeedInit', 'NeedInit', NULL, 0, '', 0, 0, '', '', 0, '', '');
INSERT INTO `userdata_all` VALUES (38, '蒋若松', '114514', '未知', 'NeedInit', 'NeedInit', 'NeedInit', NULL, 0, '', 0, 0, '', '', 0, '', '');
INSERT INTO `userdata_all` VALUES (39, '杨德泽', '114514', '未知', 'NeedInit', 'NeedInit', 'NeedInit', NULL, 0, '', 0, 0, '', '', 0, '', '');
INSERT INTO `userdata_all` VALUES (40, '杨海超', '114514', '未知', 'NeedInit', 'NeedInit', 'NeedInit', NULL, 0, '', 0, 0, '', '', 0, '', '');
INSERT INTO `userdata_all` VALUES (41, '陈秋荷', '114514', '未知', 'NeedInit', 'NeedInit', 'NeedInit', NULL, 0, '', 0, 0, '', '', 0, '', '');
INSERT INTO `userdata_all` VALUES (42, '吴涵衍', '114514', '未知', 'NeedInit', 'NeedInit', 'NeedInit', NULL, 0, '', 0, 0, '', '', 0, '', '');
INSERT INTO `userdata_all` VALUES (43, '朱浩初', '114514', '未知', 'NeedInit', 'NeedInit', 'NeedInit', NULL, 0, '', 0, 0, '', '', 0, '', '');
INSERT INTO `userdata_all` VALUES (44, '赵浩波', '114514', '未知', 'NeedInit', 'NeedInit', 'NeedInit', NULL, 0, '', 0, 0, '', '', 0, '', '');
INSERT INTO `userdata_all` VALUES (45, '秦浩初', '114514', '未知', 'NeedInit', 'NeedInit', 'NeedInit', NULL, 0, '', 0, 0, '', '', 0, '', '');
INSERT INTO `userdata_all` VALUES (46, '蒋雪晴', '114514', '未知', 'NeedInit', 'NeedInit', 'NeedInit', NULL, 0, '', 0, 0, '', '', 0, '', '');
INSERT INTO `userdata_all` VALUES (47, '卫天风', '114514', '未知', 'NeedInit', 'NeedInit', 'NeedInit', NULL, 0, '', 0, 0, '', '', 0, '', '');
INSERT INTO `userdata_all` VALUES (48, '韩冰真', '114514', '未知', 'NeedInit', 'NeedInit', 'NeedInit', NULL, 0, '', 0, 0, '', '', 0, '', '');
INSERT INTO `userdata_all` VALUES (49, '秦澄邈', '114514', '未知', 'NeedInit', 'NeedInit', 'NeedInit', NULL, 0, '', 0, 0, '', '', 0, '', '');
INSERT INTO `userdata_all` VALUES (50, '蒋雪晴', '114514', '未知', 'NeedInit', 'NeedInit', 'NeedInit', NULL, 0, '', 0, 0, '', '', 0, '', '');
INSERT INTO `userdata_all` VALUES (51, '周诗珊', '114514', '未知', 'NeedInit', 'NeedInit', 'NeedInit', NULL, 0, '', 0, 0, '', '', 0, '', '');
INSERT INTO `userdata_all` VALUES (52, '秦浩博', '114514', '未知', 'NeedInit', 'NeedInit', 'NeedInit', NULL, 0, '', 0, 0, '', '', 0, '', '');
INSERT INTO `userdata_all` VALUES (53, '沈海逸', '114514', '未知', 'NeedInit', 'NeedInit', 'NeedInit', NULL, 0, '', 0, 0, '', '', 0, '', '');
INSERT INTO `userdata_all` VALUES (54, '杨若松', '114514', '未知', 'NeedInit', 'NeedInit', 'NeedInit', NULL, 0, '', 0, 0, '', '', 0, '', '');
INSERT INTO `userdata_all` VALUES (55, '尤浩波', '114514', '未知', 'NeedInit', 'NeedInit', 'NeedInit', NULL, 0, '', 0, 0, '', '', 0, '', '');
INSERT INTO `userdata_all` VALUES (56, '朱香彤', '114514', '未知', 'NeedInit', 'NeedInit', 'NeedInit', NULL, 0, '', 0, 0, '', '', 0, '', '');
INSERT INTO `userdata_all` VALUES (57, '杨天风', '114514', '未知', 'NeedInit', 'NeedInit', 'NeedInit', NULL, 0, '', 0, 0, '', '', 0, '', '');
INSERT INTO `userdata_all` VALUES (58, '沈天风', '114514', '未知', 'NeedInit', 'NeedInit', 'NeedInit', NULL, 0, '', 0, 0, '', '', 0, '', '');
INSERT INTO `userdata_all` VALUES (59, '赵又琴', '114514', '未知', 'NeedInit', 'NeedInit', 'NeedInit', NULL, 0, '', 0, 0, '', '', 0, '', '');
INSERT INTO `userdata_all` VALUES (60, '韩德泽', '114514', '未知', 'NeedInit', 'NeedInit', 'NeedInit', NULL, 0, '', 0, 0, '', '', 0, '', '');
INSERT INTO `userdata_all` VALUES (61, '王浩皛', '114514', '未知', 'NeedInit', 'NeedInit', 'NeedInit', NULL, 0, '', 0, 0, '', '', 0, '', '');
INSERT INTO `userdata_all` VALUES (62, '秦浩皛', '114514', '未知', 'NeedInit', 'NeedInit', 'NeedInit', NULL, 0, '', 0, 0, '', '', 0, '', '');
INSERT INTO `userdata_all` VALUES (63, '孙浩歌', '114514', '未知', 'NeedInit', 'NeedInit', 'NeedInit', NULL, 0, '', 0, 0, '', '', 0, '', '');
INSERT INTO `userdata_all` VALUES (64, '钱海昌', '114514', '未知', 'NeedInit', 'NeedInit', 'NeedInit', NULL, 0, '', 0, 0, '', '', 0, '', '');
INSERT INTO `userdata_all` VALUES (65, '孙德泽', '114514', '未知', 'NeedInit', 'NeedInit', 'NeedInit', NULL, 0, '', 0, 0, '', '', 0, '', '');
INSERT INTO `userdata_all` VALUES (66, '韩澄邈', '114514', '未知', 'NeedInit', 'NeedInit', 'NeedInit', NULL, 0, '', 0, 0, '', '', 0, '', '');
INSERT INTO `userdata_all` VALUES (67, '冯浩宕', '114514', '未知', 'NeedInit', 'NeedInit', 'NeedInit', NULL, 0, '', 0, 0, '', '', 0, '', '');
INSERT INTO `userdata_all` VALUES (68, '冯涵亮', '114514', '未知', 'NeedInit', 'NeedInit', 'NeedInit', NULL, 0, '', 0, 0, '', '', 0, '', '');
INSERT INTO `userdata_all` VALUES (69, '许浩皛', '114514', '未知', 'NeedInit', 'NeedInit', 'NeedInit', NULL, 0, '', 0, 0, '', '', 0, '', '');
INSERT INTO `userdata_all` VALUES (70, '卫白萱', '114514', '未知', 'NeedInit', 'NeedInit', 'NeedInit', NULL, 0, '', 0, 0, '', '', 0, '', '');
INSERT INTO `userdata_all` VALUES (71, '孙涵衍', '114514', '未知', 'NeedInit', 'NeedInit', 'NeedInit', NULL, 0, '', 0, 0, '', '', 0, '', '');
INSERT INTO `userdata_all` VALUES (72, '吴浩歌', '114514', '未知', 'NeedInit', 'NeedInit', 'NeedInit', NULL, 0, '', 0, 0, '', '', 0, '', '');
INSERT INTO `userdata_all` VALUES (73, '朱涵衍', '114514', '未知', 'NeedInit', 'NeedInit', 'NeedInit', NULL, 0, '', 0, 0, '', '', 0, '', '');
INSERT INTO `userdata_all` VALUES (74, '冯白萱', '114514', '未知', 'NeedInit', 'NeedInit', 'NeedInit', NULL, 0, '', 0, 0, '', '', 0, '', '');
INSERT INTO `userdata_all` VALUES (75, '韩海之', '114514', '未知', 'NeedInit', 'NeedInit', 'NeedInit', NULL, 0, '', 0, 0, '', '', 0, '', '');
INSERT INTO `userdata_all` VALUES (76, '杨沛白', '114514', '未知', 'NeedInit', 'NeedInit', 'NeedInit', NULL, 0, '', 0, 0, '', '', 0, '', '');
INSERT INTO `userdata_all` VALUES (77, '李德泽', '114514', '未知', 'NeedInit', 'NeedInit', 'NeedInit', NULL, 0, '', 0, 0, '', '', 0, '', '');
INSERT INTO `userdata_all` VALUES (78, '陈盼菡', '114514', '未知', 'NeedInit', 'NeedInit', 'NeedInit', NULL, 0, '', 0, 0, '', '', 0, '', '');
INSERT INTO `userdata_all` VALUES (79, '褚香彤', '114514', '未知', 'NeedInit', 'NeedInit', 'NeedInit', NULL, 0, '', 0, 0, '', '', 0, '', '');
INSERT INTO `userdata_all` VALUES (80, '郑浩歌', '114514', '未知', 'NeedInit', 'NeedInit', 'NeedInit', NULL, 0, '', 0, 0, '', '', 0, '', '');
INSERT INTO `userdata_all` VALUES (81, '李浩歌', '114514', '未知', 'NeedInit', 'NeedInit', 'NeedInit', NULL, 0, '', 0, 0, '', '', 0, '', '');
INSERT INTO `userdata_all` VALUES (82, '朱浩博', '114514', '未知', 'NeedInit', 'NeedInit', 'NeedInit', NULL, 0, '', 0, 0, '', '', 0, '', '');
INSERT INTO `userdata_all` VALUES (83, '许语梦', '114514', '未知', 'NeedInit', 'NeedInit', 'NeedInit', NULL, 0, '', 0, 0, '', '', 0, '', '');
INSERT INTO `userdata_all` VALUES (84, '赵浩初', '114514', '未知', 'NeedInit', 'NeedInit', 'NeedInit', NULL, 0, '', 0, 0, '', '', 0, '', '');
INSERT INTO `userdata_all` VALUES (85, '赵秋荷', '114514', '未知', 'NeedInit', 'NeedInit', 'NeedInit', NULL, 0, '', 0, 0, '', '', 0, '', '');
INSERT INTO `userdata_all` VALUES (86, '周海超', '114514', '未知', 'NeedInit', 'NeedInit', 'NeedInit', NULL, 0, '', 0, 0, '', '', 0, '', '');
INSERT INTO `userdata_all` VALUES (87, '吴惜蕊', '114514', '未知', 'NeedInit', 'NeedInit', 'NeedInit', NULL, 0, '', 0, 0, '', '', 0, '', '');
INSERT INTO `userdata_all` VALUES (88, '朱语梦', '114514', '未知', 'NeedInit', 'NeedInit', 'NeedInit', NULL, 0, '', 0, 0, '', '', 0, '', '');
INSERT INTO `userdata_all` VALUES (89, '秦浩初', '114514', '未知', 'NeedInit', 'NeedInit', 'NeedInit', NULL, 0, '', 0, 0, '', '', 0, '', '');
INSERT INTO `userdata_all` VALUES (90, '朱惜蕊', '114514', '未知', 'NeedInit', 'NeedInit', 'NeedInit', NULL, 0, '', 0, 0, '', '', 0, '', '');
INSERT INTO `userdata_all` VALUES (91, '王诗珊', '114514', '未知', 'NeedInit', 'NeedInit', 'NeedInit', NULL, 0, '', 0, 0, '', '', 0, '', '');
INSERT INTO `userdata_all` VALUES (92, '赵秋荷', '114514', '未知', 'NeedInit', 'NeedInit', 'NeedInit', NULL, 0, '', 0, 0, '', '', 0, '', '');
INSERT INTO `userdata_all` VALUES (93, '尤海之', '114514', '未知', 'NeedInit', 'NeedInit', 'NeedInit', NULL, 0, '', 0, 0, '', '', 0, '', '');
INSERT INTO `userdata_all` VALUES (94, '沈海逸', '114514', '未知', 'NeedInit', 'NeedInit', 'NeedInit', NULL, 0, '', 0, 0, '', '', 0, '', '');
INSERT INTO `userdata_all` VALUES (95, '陈涵煦', '114514', '未知', 'NeedInit', 'NeedInit', 'NeedInit', NULL, 0, '', 0, 0, '', '', 0, '', '');
INSERT INTO `userdata_all` VALUES (96, '郑海逸', '114514', '未知', 'NeedInit', 'NeedInit', 'NeedInit', NULL, 0, '', 0, 0, '', '', 0, '', '');
INSERT INTO `userdata_all` VALUES (97, '陈海昌', '114514', '未知', 'NeedInit', 'NeedInit', 'NeedInit', NULL, 0, '', 0, 0, '', '', 0, '', '');
INSERT INTO `userdata_all` VALUES (98, '孙友安', '114514', '未知', 'NeedInit', 'NeedInit', 'NeedInit', NULL, 0, '', 0, 0, '', '', 0, '', '');
INSERT INTO `userdata_all` VALUES (99, '陈涵衍', '114514', '未知', 'NeedInit', 'NeedInit', 'NeedInit', NULL, 0, '', 0, 0, '', '', 0, '', '');
INSERT INTO `userdata_all` VALUES (100, '沈浩歌', '114514', '未知', 'NeedInit', 'NeedInit', 'NeedInit', NULL, 0, '', 0, 0, '', '', 0, '', '');

SET FOREIGN_KEY_CHECKS = 1;
